incident_id,date,lat,lon,coord_key,title,verified,approved,source,coord_uses,day_cluster
38346,2018-06-17,28.14586,83.55952,"83.55952,28.14586",Landslide at Jaimini Municipality-10,True,True,nepal_police,1,9
38349,2018-06-17,28.2327,83.461,"83.461,28.2327",Landslide at Galkot Municipality-2,True,True,nepal_police,1,9
38350,2018-06-17,27.7022,85.61049,"85.61049,27.7022",Landslide at Mandandeupur Municipality-8,True,True,nepal_police,1,9
38355,2018-06-17,28.01151,83.92359,"83.92359,28.01151",Landslide at Biruwa Rural Municipality-5,True,True,nepal_police,1,9
38516,2018-07-02,28.35592,81.93633,"81.93633,28.35592",Landslide at Gurbhakot Municipality-1,True,True,nepal_police,1,8
38528,2018-07-02,27.66176,85.02405,"85.02405,27.66176",Landslide at Thaha Municipality-7,True,True,nepal_police,1,8
38529,2018-07-02,28.04281,83.87273,"83.87273,28.04281",Landslide at Biruwa Rural Municipality-2,True,True,nepal_police,1,8
38541,2018-07-02,28.71804,82.44801,"82.44801,28.71804",Landslide at Banfikot Rural Municipality-6,True,True,nepal_police,1,8
38631,2018-07-10,27.58372,85.91796,"85.91796,27.58372",Landslide at Doramba Rural Municipality-4,True,True,nepal_police,1,7
38633,2018-07-10,27.83555,85.41488,"85.41488,27.83555",Landslide at Shivapuri Rural Municipality-1,True,True,nepal_police,1,7
38642,2018-07-12,27.62628,85.52789,"85.52789,27.62628",Landslide at Banepa Municipality-7,True,True,nepal_police,1,10
38645,2018-07-12,27.59656,85.47641,"85.47641,27.59656",Landslide at Panauti Municipality-3,True,True,nepal_police,1,10
38648,2018-07-11,28.07601,84.68668,"84.68668,28.07601",Landslide at Gangadev Rural Municipality-6,True,True,nepal_police,1,6
38649,2018-07-10,29.83779,80.69626,"80.69626,29.83779",Landslide at Naugad Rural Municipality-1,True,True,other,1,7
38662,2018-07-12,27.80859,85.17341,"85.17341,27.80859",Landslide at Belkotgadhi Municipality-1,True,True,nepal_police,1,10
38664,2018-07-12,27.71412,85.54275,"85.54275,27.71412",Landslide at Mandandeupur Municipality-2,True,True,nepal_police,1,10
38665,2018-07-11,27.55693,86.21637,"86.21637,27.55693",Landslide at Gokulganga Rural Municipality-3,True,True,other,1,6
38666,2018-07-11,27.519,85.94088,"85.94088,27.519",Landslide at Doramba Rural Municipality-2,True,True,other,1,6
38682,2018-07-13,27.45665,86.58908,"86.58908,27.45665",Landslide at Solududhakunda Municipality-7,True,True,nepal_police,1,5
38699,2018-07-13,27.93603,84.70955,"84.70955,27.93603",Landslide at Sahid Lakhan Rural Municipality-9,True,True,nepal_police,1,5
38703,2018-07-14,27.53178,86.28946,"86.28946,27.53178",Landslide at Umakunda Rural Municipality-4,True,True,nepal_police,1,6
38714,2018-07-14,27.98333,85.34535,"85.34535,27.98333",Landslide at Tadi Rural Municipality-1,True,True,nepal_police,1,6
38748,2018-07-17,27.42655,87.06431,"87.06431,27.42655",Landslide at Salpasilichho Rural Municipality-3,True,True,nepal_police,1,5
38760,2018-07-18,27.92683,84.66405,"84.66405,27.92683",Landslide at Sahid Lakhan Rural Municipality-6,True,True,nepal_police,1,7
38761,2018-07-18,27.9724,84.67074,"84.67074,27.9724",Landslide at Sahid Lakhan Rural Municipality-7,True,True,nepal_police,1,7
38781,2018-07-19,28.11783,84.6262,"84.6262,28.11783",Landslide at Siranchok Rural Municipality-8,True,True,nepal_police,1,5
39107,2018-08-06,27.91791,85.25127,"85.25127,27.91791",Landslide at Suryagadhi Rural Municipality-5,True,True,nepal_police,1,8
39108,2018-08-06,29.06172,82.4766,"82.4766,29.06172",Landslide at Mudkechula Rural Municipality-7,True,True,nepal_police,1,8
39119,2018-08-06,28.03317,84.78533,"84.78533,28.03317",Landslide at BhimsenThapa Rural Municipality-3,True,True,other,1,8
39139,2018-08-08,27.78813,86.1834,"86.1834,27.78813",Landslide at Bigu Rural Municipality-3,True,True,nepal_police,1,7
39159,2018-08-08,27.88415,85.66855,"85.66855,27.88415",Landslide at Panchpokhari Thangpal Rural Municipality-7,True,True,nepal_police,1,7
39275,2018-08-15,27.44361,86.6326,"86.6326,27.44361",Landslide at Thulung Dudhkoshi Rural Municipality-1,True,True,nepal_police,1,11
39286,2018-08-15,28.71174,82.3864,"82.3864,28.71174",Landslide at Sani Bheri Rural Municipality-5,True,True,other,1,11
39289,2018-08-15,27.41217,87.03347,"87.03347,27.41217",Landslide at Salpasilichho Rural Municipality-4,True,True,nepal_police,1,11
39319,2018-08-13,29.08623,82.48852,"82.48852,29.08623",Landslide at Mudkechula Rural Municipality-8,True,True,nepal_police,1,5
39320,2018-08-17,28.01974,84.90586,"84.90586,28.01974",Landslide at Tripura Sundari Rural Municipality-4,True,True,nepal_police,1,8
39321,2018-08-17,27.39619,87.10695,"87.10695,27.39619",Landslide at Shadananda Municipality-1,True,True,nepal_police,1,8
39338,2018-08-17,29.39677,81.35936,"81.35936,29.39677",Landslide at Budhiganga Municipality-2,True,True,nepal_police,1,8
39343,2018-08-18,27.77906,85.28112,"85.28112,27.77906",Landslide at Tarakeshwor Municipality-3,True,True,nepal_police,1,6
39346,2018-08-18,27.8746,85.31454,"85.31454,27.8746",Landslide at Panchakanya Rural Municipality-5,True,True,nepal_police,1,6
39348,2018-08-18,28.64975,82.23435,"82.23435,28.64975",Landslide at Chaurjahari Municipality-7,True,True,nepal_police,1,6
39421,2018-08-17,28.27457,82.63241,"82.63241,28.27457",Landslide at Rolpa Municipality-1,True,True,other,1,8
39641,2018-09-10,27.30628,87.74641,"87.74641,27.30628",Landslide at Pathibhara Yangwarak Rural Municipality-2,True,True,other,1,5
39653,2018-09-11,27.28494,87.77822,"87.77822,27.28494",Landslide at Pathibhara Yangwarak Rural Municipality-5,True,True,other,1,6
39661,2018-09-12,27.97783,85.44303,"85.44303,27.97783",Landslide at Dupcheshwar Rural Municipality-1,True,True,nepal_police,1,9
39666,2018-09-12,28.6488,83.66451,"83.66451,28.6488",Landslide at Thasang Rural Municipality-5,True,True,nepal_police,1,9
39705,2018-09-15,29.93646,82.25209,"82.25209,29.93646",Landslide at Chankheli Rural Municipality-5,True,True,nepal_police,1,6
39711,2018-09-15,27.57093,87.20988,"87.20988,27.57093",Landslide at Makalu Rural Municipality-1,True,True,other,1,6
43463,2019-07-06,28.18504,84.46996,"84.46996,28.18504",Landslide at Dordi Rural Municipality-3,True,True,nepal_police,1,7
43499,2019-07-09,26.82562,88.07564,"88.07564,26.82562","Landslide at Chindepani, Rong Rural Municipality-3",True,True,other,1,6
43500,2019-07-10,27.41848,85.14928,"85.14928,27.41848","Landslide at Jitpur, Makawanpurgadhi Rural Municipality-2",True,True,nepal_police,1,8
43504,2019-07-09,27.92583,83.13483,"83.13483,27.92583","Landslide at Batase Danda, Sandhikharka Municipality-7",True,True,nepal_police,1,6
43507,2019-07-08,28.04306,82.81029,"82.81029,28.04306","Landslide at Adursh, Mandavi Rural Municipality-5",True,True,other,1,5
43522,2019-07-11,27.23566,87.68966,"87.68966,27.23566","Landslide at Kalikatol, Aathrai Rural Municipality-4",True,True,nepal_police,1,34
43523,2019-07-11,27.16384,87.04744,"87.04744,27.16384",Landslide at Bhojpur Municipality-7,True,True,nepal_police,1,34
43527,2019-07-11,27.21529,86.22025,"86.22025,27.21529",Landslide at Phikkal Rural Municipality-2,True,True,nepal_police,1,34
43542,2019-07-12,27.02361,86.84571,"86.84571,27.02361","Landslide at Khotangbazar, Khotehang Rural Municipality-7",True,True,nepal_police,1,65
43543,2019-07-12,27.16945,86.5956,"86.5956,27.16945","Landslide at Chhapdanda, Halesi Tuwachung Municipality-5",True,True,nepal_police,1,65
43544,2019-07-12,27.20696,86.83698,"86.83698,27.20696",Landslide at Diktel Rupakot Majhuwagadhi Municipality-7,True,True,nepal_police,1,65
43560,2019-07-12,27.08786,86.90724,"86.90724,27.08786","Landslide at Bakpachang, Khotehang Rural Municipality-2",True,True,nepal_police,1,65
43585,2019-07-12,27.14341,86.29646,"86.29646,27.14341","Landslide at Jhulke, Phikkal Rural Municipality-1",True,True,nepal_police,1,65
43587,2019-07-12,27.91078,85.64643,"85.64643,27.91078",Landslide at Panchpokhari Thangpal Rural Municipality-6,True,True,nepal_police,1,65
43601,2019-07-12,27.71937,84.90302,"84.90302,27.71937","Landslide at Daringal, Gajuri Rural Municipality-4",True,True,nepal_police,1,65
43615,2019-07-12,27.60067,85.32681,"85.32681,27.60067","Landslide at Pyanggaun, Godawari_Lalitpur Municipality-11",True,True,nepal_police,1,65
43617,2019-07-12,27.62541,84.98522,"84.98522,27.62541","Landslide at Kalikhola, Kailash Rural Municipality-5",True,True,nepal_police,1,65
43623,2019-07-13,26.89444,88.12701,"88.12701,26.89444","Landslide at Chiruwa, Suryodaya Municipality-4",True,True,nepal_police,1,30
43626,2019-07-13,27.08998,87.0803,"87.0803,27.08998","Landslide at Tusang, Ramprasad Rai Rural Municipality-5",True,True,nepal_police,1,30
43634,2019-07-13,27.49576,85.36337,"85.36337,27.49576",Landslide at Mahankal Rural Municipality-1,True,True,nepal_police,1,30
43635,2019-07-13,27.50845,85.33674,"85.33674,27.50845","Landslide at Sankhu, Konjyosom Rural Municipality-2",True,True,nepal_police,1,30
43657,2019-07-13,27.71711,84.81889,"84.81889,27.71711","Landslide at Talti, Benighat Rorang Rural Municipality-2",True,True,nepal_police,1,30
43659,2019-07-13,27.9366,82.66387,"82.66387,27.9366","Landslide at Kainpani, Banglachuli Rural Municipality-8",True,True,nepal_police,1,30
43662,2019-07-13,29.00318,82.59282,"82.59282,29.00318","Landslide at Kasil Khola, Mudkechula Rural Municipality-1",True,True,nepal_police,1,30
43680,2019-07-13,27.85854,82.77289,"82.77289,27.85854","Landslide at Bhaluwang, Rapti Rural Municipality-1",True,True,nepal_police,1,30
43688,2019-07-14,27.31957,87.58026,"87.58026,27.31957","Landslide at Change, Aathrai Tribeni Rural Municipality-4",True,True,nepal_police,1,8
43719,2019-07-15,26.91813,87.35752,"87.35752,26.91813",Landslide at Sangurigadhi Rural Municipality-2,True,True,nepal_police,1,16
43720,2019-07-15,27.1098,87.29087,"87.29087,27.1098",Landslide at Mahalaxmi Municipality-6,True,True,nepal_police,1,16
43728,2019-07-15,26.95191,86.63893,"86.63893,26.95191","Landslide at Dillibagar, Rautamai Rural Municipality-8",True,True,nepal_police,1,16
43764,2019-07-15,28.25428,84.40529,"84.40529,28.25428","Landslide at Kahsur, Besishahar Municipality-10",True,True,nepal_police,1,16
43773,2019-07-17,27.73422,85.35638,"85.35638,27.73422","Landslide at Kapan, Budhanilakantha Municipality-10",True,True,nepal_police,1,7
43827,2019-07-23,28.18702,83.38838,"83.38838,28.18702","Landslide at Jyamire, Galkot Municipality-8",True,True,other,1,15
43849,2019-07-23,28.06214,83.51109,"83.51109,28.06214","Landslide at Rimli, Kaligandaki Rural Municipality-5",True,True,nepal_police,1,15
43856,2019-07-23,26.69125,87.78928,"87.78928,26.69125",Landslide at Chulachuli Rural Municipality-1,True,True,nepal_police,1,15
43859,2019-07-24,27.33611,85.17569,"85.17569,27.33611","Landslide at Shreepur, Bakaiya Rural Municipality-5",True,True,nepal_police,1,11
43860,2019-07-24,28.72661,81.63208,"81.63208,28.72661","Landslide at Likhakhola, Gurans Rural Municipality-4",True,True,nepal_police,1,11
43865,2019-07-24,26.63454,88.13494,"88.13494,26.63454","Landslide at Shrijanshill toll, Mechinagar Municipality-7",True,True,nepal_police,1,11
43871,2019-07-23,27.33957,87.29181,"87.29181,27.33957",Landslide at Panchakhapan Municipality-6,True,True,nepal_police,1,15
43884,2019-07-24,28.7419,81.67178,"81.67178,28.7419",Landslide at Dungeshwor Rural Municipality-6,True,True,nepal_police,1,11
43893,2019-07-25,26.9475,87.77832,"87.77832,26.9475","Landslide at Khabuwa, Fakphokthum Rural Municipality-7",True,True,nepal_police,1,8
43904,2019-07-26,26.64363,87.10653,"87.10653,26.64363","Landslide at Ranikhola, Bhokraha Rural Municipality-1",True,True,nepal_police,1,11
43920,2019-07-26,26.89046,87.4802,"87.4802,26.89046",Landslide at Chaubise Rural Municipality-8,True,True,nepal_police,1,11
43923,2019-07-25,28.98329,81.16541,"81.16541,28.98329","Landslide at Daunamara, Dhakari Rural Municipality-4",True,True,nepal_police,1,8
43924,2019-07-25,29.00584,81.22254,"81.22254,29.00584","Landslide at Thulasain, Dhakari Rural Municipality-3",True,True,nepal_police,1,8
43933,2019-07-26,27.62824,84.09339,"84.09339,27.62824","Landslide at Shrijanshiltoll, Kawasoti Municipality-16",True,True,nepal_police,1,11
43952,2019-07-11,28.32008,82.44873,"82.44873,28.32008",Landslide at Tribeni Rural Municipality-5,True,True,other,1,34
44022,2019-07-12,27.35904,86.40123,"86.40123,27.35904",Landslide at Molung Rural Municipality-3,True,True,other,1,65
44023,2019-07-12,27.31072,86.42065,"86.42065,27.31072",Landslide at Sunkoshi Rural Municipality-10,True,True,other,1,65
44024,2019-07-12,27.28955,86.37512,"86.37512,27.28955",Landslide at Sunkoshi Rural Municipality-5,True,True,other,1,65
44025,2019-07-12,27.32574,86.38063,"86.38063,27.32574","Landslide at Gope, Sunkoshi Rural Municipality-9",True,True,other,1,65
44026,2019-07-14,27.25811,86.31445,"86.31445,27.25811",Landslide at Sunkoshi Rural Municipality-2,True,True,other,1,8
44027,2019-07-12,27.29337,86.33014,"86.33014,27.29337",Landslide at Champadevi Rural Municipality-5,True,True,other,1,65
44081,2019-08-06,27.81153,85.73309,"85.73309,27.81153","Landslide at Khale HIplo, Chautara SangachokGadhi Municipality-3",True,True,nepal_police,1,6
44082,2019-08-06,27.7943,85.81143,"85.81143,27.7943","Landslide at Simmasing, Balefi Rural Municipality-3",True,True,nepal_police,1,6
44232,2019-07-12,27.49254,85.8299,"85.8299,27.49254",Landslide at Sunapati Rural Municipality-4,True,True,other,1,65
44380,2019-09-01,27.431,86.53836,"86.53836,27.431","Landslide at Dhunsa, Solududhakunda Municipality-8",True,True,nepal_police,1,7
44501,2019-07-12,28.8465,82.47189,"82.47189,28.8465",Landslide at Aathbiskot Municipality-5,True,True,other,1,65
44539,2019-09-17,28.18318,83.86107,"83.86107,28.18318","Landslide at Kotmuni, Phedikhola Rural Municipality-4",True,True,nepal_police,1,10
44540,2019-09-17,28.27148,83.80113,"83.80113,28.27148","Landslide at Preambasti, Annapurna Rural Municipality-4",True,True,nepal_police,1,10
44543,2019-09-17,27.4702,87.18957,"87.18957,27.4702",Landslide at Chichila Rural Municipality-2,True,True,nepal_police,1,10
44549,2019-09-17,27.72636,85.60607,"85.60607,27.72636","Landslide at Helambu, Mandandeupur Municipality-7",True,True,nepal_police,1,10
44551,2019-09-18,27.65775,85.62973,"85.62973,27.65775","Landslide at Jaisithok, Panchkhal Municipality-4",True,True,nepal_police,1,8
44575,2019-09-18,27.58211,85.66197,"85.66197,27.58211","Landslide at Tharuwa, Namobuddha Municipality-3",True,True,nepal_police,1,8
44577,2019-09-18,27.84098,83.42106,"83.42106,27.84098","Landslide at Batase, Ribdikot Rural Municipality-7",True,True,nepal_police,1,8
44587,2019-09-17,27.10846,86.95954,"86.95954,27.10846","Landslide at Okhare, Ramprasad Rai Rural Municipality-1",True,True,other,1,10
47023,2020-06-18,28.13914,84.66424,"84.66424,28.13914","Landslide at Bhachek, Ajirkot Rural Municipality-5",True,True,nepal_police,1,6
47030,2020-06-18,26.97589,87.80104,"87.80104,26.97589","Landslide at Hangmasuli, Fakphokthum Rural Municipality-6",True,True,nepal_police,1,6
47052,2020-06-20,28.27843,83.49436,"83.49436,28.27843","Landslide at Phaparkhet, Kanthekhola Rural Municipality-4",True,True,nepal_police,1,12
47065,2020-06-20,28.09883,83.10477,"83.10477,28.09883","Landslide at Harrapata, Dhurkot Rural Municipality-3",True,True,nepal_police,1,12
47066,2020-06-20,27.88581,83.21139,"83.21139,27.88581","Landslide at Dhatiwang, Panini Rural Municipality-6",True,True,nepal_police,1,12
47079,2020-06-22,27.82433,83.45505,"83.45505,27.82433","Landslide at Lumbra, Ribdikot Rural Municipality-6",True,True,nepal_police,1,6
47092,2020-06-22,27.86403,83.84139,"83.84139,27.86403","Landslide at Dharapani, Rampur Municipality-8",True,True,nepal_police,1,6
47141,2020-06-28,27.92884,83.73932,"83.73932,27.92884","Landslide at Sangliya, Galyang Municipality-9",True,True,nepal_police,1,7
47149,2020-06-28,29.45794,80.4743,"80.4743,29.45794","Landslide at Karpat, Melauli Municipality-2",True,True,nepal_police,1,7
47157,2020-06-29,28.05631,83.61913,"83.61913,28.05631","Landslide at khorpokhari, Bihadi Rural Municipality-5",True,True,nepal_police,1,6
47176,2020-06-29,28.04181,82.20818,"82.20818,28.04181","Landslide at Talawang, Dangisharan Rural Municipality-2",True,True,nepal_police,1,6
47183,2020-06-29,28.82774,81.41178,"81.41178,28.82774","Landslide at Khamarikhola, Panchpuri Municipality-6",True,True,nepal_police,1,6
47217,2020-07-03,28.20628,83.32965,"83.32965,28.20628","Landslide at Reghafadhi, Galkot Municipality-11",True,True,nepal_police,1,6
47221,2020-07-03,27.89409,85.79063,"85.79063,27.89409","Landslide at Kartike, Jugal Rural Municipality-4",True,True,nepal_police,1,6
47246,2020-07-04,27.5556,86.39329,"86.39329,27.5556","Landslide at Chaulakharka, Likhupike Rural Municipality-3",True,True,nepal_police,1,7
47257,2020-07-05,29.41503,80.82935,"80.82935,29.41503","Landslide at Thalakada, Sigas Rural Municipality-6",True,True,nepal_police,1,10
47266,2020-07-06,27.83975,83.55175,"83.55175,27.83975","Landslide at Bansagopal Mandir, Tansen Municipality-7",True,True,nepal_police,1,5
47273,2020-07-05,28.61326,82.26995,"82.26995,28.61326","Landslide at Kholagau, Chaurjahari Municipality-10",True,True,nepal_police,1,10
47280,2020-07-07,27.63058,86.10641,"86.10641,27.63058","Landslide at Busti, Baiteshwor Rural Municipality-6",True,True,nepal_police,1,9
47283,2020-07-07,28.26995,84.34022,"84.34022,28.26995","Landslide at Gopaldada, Marsyangdi Rural Municipality-9",True,True,nepal_police,1,9
47298,2020-07-07,27.5367,87.16282,"87.16282,27.5367","Landslide at Ingebhir, Silichong Rural Municipality-5",True,True,nepal_police,1,9
47340,2020-07-10,28.47875,83.39779,"83.39779,28.47875","Landslide at marang, Dhaulagiri Rural Municipality-6",True,True,nepal_police,1,28
47347,2020-07-05,28.23789,84.36618,"84.36618,28.23789","Landslide at Saatabise, Besishahar Municipality-7",True,True,nepal_police,1,10
47361,2020-07-10,28.45328,83.41021,"83.41021,28.45328","Landslide at Bin, Malika Rural Municipality-7",True,True,nepal_police,1,28
47374,2020-07-10,27.98877,85.84283,"85.84283,27.98877","Landslide at balephi, Jugal Rural Municipality-3",True,True,nepal_police,1,28
47401,2020-07-11,27.22436,86.15851,"86.15851,27.22436","Landslide at Kudule, Golanjor Rural Municipality-1",True,True,nepal_police,1,11
47402,2020-07-11,28.19208,83.45497,"83.45497,28.19208","Landslide at Kharuwa, Galkot Municipality-4",True,True,nepal_police,1,11
47405,2020-07-10,27.7082,83.48476,"83.48476,27.7082","Landslide at Pragati Toll, Butwal Submetropolitan City-4",True,True,nepal_police,1,28
47407,2020-07-11,27.55177,83.78962,"83.78962,27.55177","Landslide at Khursani Bari, Bardaghat Municipality-4",True,True,nepal_police,1,11
47409,2020-07-10,27.47391,83.68716,"83.68716,27.47391","Landslide at Kusma, Palhi Nandan Rural Municipality-3",True,True,nepal_police,1,28
47411,2020-07-11,26.78764,87.64398,"87.64398,26.78764","Landslide at kuwapani, Miklajung Rural Municipality-2",True,True,nepal_police,1,11
47439,2020-07-12,27.70653,86.04133,"86.04133,27.70653","Landslide at Damrang, Bhimeshwor Municipality-1",True,True,other,1,10
47440,2020-07-11,28.08638,84.15107,"84.15107,28.08638","Landslide at Khaldose, Shuklagandaki Municipality-1",True,True,nepal_police,1,11
47470,2020-07-13,28.1103,83.79792,"83.79792,28.1103","Landslide at Bodikhola, Arjunchaupari Rural Municipality-6",True,True,nepal_police,1,11
47472,2020-07-13,28.0154,84.32009,"84.32009,28.0154","Landslide at Odare, Vyas Municipality-11",True,True,nepal_police,1,11
47473,2020-07-13,28.79488,82.66708,"82.66708,28.79488","Landslide at Ratuwamara, Sisne Rural Municipality-1",True,True,nepal_police,1,11
47474,2020-07-13,27.44373,83.86089,"83.86089,27.44373","Landslide at Machhu Toll, Susta Rural Municipality-3",True,True,nepal_police,1,11
47477,2020-07-13,28.05563,84.30275,"84.30275,28.05563","Landslide at Majhphat, Vyas Municipality-9",True,True,other,1,11
47485,2020-07-14,27.46582,83.86945,"83.86945,27.46582","Landslide at Ghaukhola, Susta Rural Municipality-2",True,True,nepal_police,1,10
47490,2020-07-14,27.55878,84.03398,"84.03398,27.55878","Landslide at Kumaltar, Madhyabindu Municipality-2",True,True,nepal_police,1,10
47496,2020-07-14,28.17026,83.55941,"83.55941,28.17026","Landslide at Sarade Payuth, Jaimini Municipality-9",True,True,nepal_police,1,10
47500,2020-07-14,27.85651,83.58432,"83.58432,27.85651","Landslide at Bhaliwachaur, Bagnaskali Rural Municipality-1",True,True,nepal_police,1,10
47549,2020-07-18,29.26128,80.98513,"80.98513,29.26128",Landslide at Dipayal Silgadi Municipality-6,True,True,nepal_police,1,8
47555,2020-07-18,29.22059,81.74924,"81.74924,29.22059","Landslide at Khardu, Pachaljharana Rural Municipality-3",True,True,other,1,8
47557,2020-07-19,29.86735,80.83619,"80.83619,29.86735","Landslide at Ghusa, Apihimal Rural Municipality-2",True,True,nepal_police,1,6
47568,2020-07-20,27.2108,87.63645,"87.63645,27.2108","Landslide at Sankanti Bazer, Aathrai Rural Municipality-1",True,True,nepal_police,1,23
47571,2020-07-20,26.92234,85.78385,"85.78385,26.92234","Landslide at Gausala, Gaushala Municipality-5",True,True,nepal_police,1,23
47579,2020-07-20,27.59824,85.22474,"85.22474,27.59824","Landslide at Raksha Khola, Indrasarowar Rural Municipality-4",True,True,nepal_police,1,23
47587,2020-07-20,27.8965,84.72703,"84.72703,27.8965","Landslide at Phujel, Gandaki Rural Municipality-4",True,True,nepal_police,1,23
47590,2020-07-20,28.0772,84.45523,"84.45523,28.0772",Landslide at Bhanu Municipality-9,True,True,nepal_police,1,23
47594,2020-07-20,27.75503,84.72276,"84.72276,27.75503","Landslide at Bhusatar, Benighat Rorang Rural Municipality-8",True,True,nepal_police,1,23
47596,2020-07-20,28.02215,84.84224,"84.84224,28.02215","Landslide at Golang, Tripura Sundari Rural Municipality-6",True,True,nepal_police,1,23
47597,2020-07-20,28.02056,84.45134,"84.45134,28.02056","Landslide at Dhukuti, Bhanu Municipality-3",True,True,nepal_police,1,23
47600,2020-07-20,27.19119,87.5576,"87.5576,27.19119","Landslide at Neabee, Phedap Rural Municipality-2",True,True,nepal_police,1,23
47603,2020-07-20,26.98471,87.54244,"87.54244,26.98471","Landslide at Khairai, Tumbewa Rural Municipality-2",True,True,nepal_police,1,23
47616,2020-07-20,28.12259,84.42756,"84.42756,28.12259",Landslide at Sundarbazar Municipality-7,True,True,nepal_police,1,23
47621,2020-07-20,27.88529,84.68225,"84.68225,27.88529","Landslide at Patisowara, Gandaki Rural Municipality-2",True,True,nepal_police,1,23
47630,2020-07-21,27.96868,84.39109,"84.39109,27.96868","Landslide at Chisapani, Bandipur Rural Municipality-1",True,True,nepal_police,1,17
47651,2020-07-21,26.77682,88.07151,"88.07151,26.77682","Landslide at Modhidada, Buddhashanti Rural Municipality-7",True,True,nepal_police,1,17
47656,2020-07-21,27.96501,84.62127,"84.62127,27.96501","Landslide at laxmibazer, Gorkha Municipality-9",True,True,nepal_police,1,17
47657,2020-07-21,27.97664,84.41894,"84.41894,27.97664","Landslide at Sagbute, Bhanu Municipality-1",True,True,nepal_police,1,17
47660,2020-07-21,27.94263,83.76685,"83.76685,27.94263","Landslide at Gau Swara, Galyang Municipality-10",True,True,nepal_police,1,17
47671,2020-07-22,27.04376,87.40887,"87.40887,27.04376","Landslide at Chumlung, Chhathar Jorpati Rural Municipality-5",True,True,nepal_police,1,6
47687,2020-07-22,27.48522,85.03089,"85.03089,27.48522","Landslide at Khoplang, Bhimphedi Rural Municipality-1",True,True,nepal_police,1,6
47704,2020-07-24,27.74257,85.0765,"85.0765,27.74257","Landslide at Karkigau, Thakre Rural Municipality-6",True,True,nepal_police,1,7
47716,2020-07-24,27.84292,83.91117,"83.91117,27.84292","Landslide at Ginijdada, Rampur Municipality-4",True,True,nepal_police,1,7
47730,2020-07-24,29.80763,80.5784,"80.5784,29.80763","Landslide at Badali, Mahakali_Darchula Municipality-3",True,True,nepal_police,1,7
47750,2020-07-27,28.15247,83.79023,"83.79023,28.15247","Landslide at Sirindace, Aandhikhola Rural Municipality-2",True,True,nepal_police,1,8
47751,2020-07-27,28.68988,83.58687,"83.58687,28.68988","Landslide at Naurikot, Thasang Rural Municipality-2",True,True,nepal_police,1,8
47752,2020-07-27,28.376,83.55165,"83.55165,28.376","Landslide at Kaulegauda, Beni Municipality-9",True,True,nepal_police,1,8
47771,2020-07-28,29.87278,80.5742,"80.5742,29.87278","Landslide at Sallekhate, Dunhu Rural Municipality-3",True,True,nepal_police,1,26
47772,2020-07-27,27.37534,87.06096,"87.06096,27.37534","Landslide at Kudam, Shadananda Municipality-2",True,True,nepal_police,1,8
47774,2020-07-28,26.97728,87.33176,"87.33176,26.97728","Landslide at Kachade, Dhankuta Municipality-6",True,True,nepal_police,1,26
47785,2020-07-28,28.11394,83.43363,"83.43363,28.11394","Landslide at Khasimare, Chandrakot Rural Municipality-4",True,True,nepal_police,1,26
47787,2020-07-28,27.86619,83.66918,"83.66918,27.86619","Landslide at Pipaldada, Rambha Rural Municipality-3",True,True,nepal_police,1,26
47794,2020-07-28,26.9797,87.94728,"87.94728,26.9797","Landslide at Sumbek, Illam Municipality-2",True,True,nepal_police,1,26
47795,2020-07-28,27.32788,87.20617,"87.20617,27.32788","Landslide at Dhungea, Panchakhapan Municipality-4",True,True,nepal_police,1,26
47801,2020-07-28,28.33749,83.59096,"83.59096,28.33749","Landslide at Lamekhat, Jaljala Rural Municipality-4",True,True,nepal_police,1,26
47802,2020-07-28,28.28929,83.74737,"83.74737,28.28929","Landslide at Patichour, Modi Rural Municipality-2",True,True,nepal_police,1,26
47804,2020-07-28,27.97449,83.14687,"83.14687,27.97449","Landslide at Futwang, Sandhikharka Municipality-1",True,True,nepal_police,1,26
47805,2020-07-29,27.98461,82.7039,"82.7039,27.98461","Landslide at sakine, Banglachuli Rural Municipality-5",True,True,nepal_police,1,14
47818,2020-07-29,28.9751,81.77561,"81.77561,28.9751",Landslide at Naumule Rural Municipality-2,True,True,nepal_police,1,14
47836,2020-07-29,29.06122,81.73167,"81.73167,29.06122","Landslide at Kodewona, Mahawai Rural Municipality-2",True,True,nepal_police,1,14
47839,2020-07-29,29.18417,81.33646,"81.33646,29.18417","Landslide at Dharna, Bannigadhi Jayagadh Rural Municipality-6",True,True,nepal_police,1,14
47840,2020-07-28,29.11432,81.3919,"81.3919,29.11432","Landslide at Neupanetole, Panchadewal Binayak Municipality-2",True,True,nepal_police,1,26
47852,2020-07-29,28.6289,81.38669,"81.38669,28.6289","Landslide at sukurmala, Barahtal Rural Municipality-3",True,True,nepal_police,1,14
47865,2020-07-31,29.25841,81.80191,"81.80191,29.25841","Landslide at Damri, Palata Rural Municipality-8",True,True,nepal_police,1,8
47869,2020-07-31,28.01148,83.41529,"83.41529,28.01148","Landslide at Asipata, Ruru Rural Municipality-5",True,True,nepal_police,1,8
47871,2020-07-31,28.70618,82.10748,"82.10748,28.70618","Landslide at Doken, Bheri Municipality-7",True,True,nepal_police,1,8
47893,2020-08-03,27.97273,85.61311,"85.61311,27.97273","Landslide at Baruwa, Panchpokhari Thangpal Rural Municipality-2",True,True,nepal_police,1,8
47901,2020-08-03,27.80398,85.96229,"85.96229,27.80398","Landslide at Karthali, Barhabise Municipality-2",True,True,nepal_police,1,8
47925,2020-08-06,27.84555,85.05348,"85.05348,27.84555","Landslide at Tarukaghat, Belkotgadhi Municipality-7",True,True,nepal_police,1,5
47949,2020-08-08,27.13123,86.49529,"86.49529,27.13123","Landslide at Dekuwo, Halesi Tuwachung Municipality-2",True,True,nepal_police,1,5
47950,2020-08-08,26.96338,87.25833,"87.25833,26.96338",Landslide at Shahidbhumi Rural Municipality-6,True,True,nepal_police,1,5
48053,2020-08-19,29.02784,81.56228,"81.56228,29.02784","Landslide at gairigau, Thantikandh Rural Municipality-4",True,True,other,1,11
48057,2020-08-19,29.57197,80.85105,"80.85105,29.57197","Landslide at Midigau, Bungal Municipality-5",True,True,other,1,11
48072,2020-08-19,29.53636,80.57271,"80.57271,29.53636","Landslide at Meldhungram, Surnaya Rural Municipality-4",True,True,nepal_police,1,11
48075,2020-08-19,28.38111,82.17939,"82.17939,28.38111","Landslide at Purano Buspark, Sharada Municipality-2",True,True,nepal_police,1,11
48088,2020-08-20,28.58452,82.50389,"82.50389,28.58452","Landslide at Adubari, Musikot Municipality-9",True,True,nepal_police,1,10
48099,2020-08-20,28.40448,82.54804,"82.54804,28.40448","Landslide at Dang, Madi Rural Municipality-5",True,True,nepal_police,1,10
48114,2020-08-19,29.2601,81.52866,"81.52866,29.2601","Landslide at Chauke, Naraharinath Rural Municipality-5",True,True,nepal_police,1,11
48364,2020-09-23,27.18996,87.37937,"87.37937,27.18996","Landslide at Salle, Dharmadevi Municipality-2",True,True,nepal_police,1,9
48380,2020-09-23,28.29161,83.52564,"83.52564,28.29161","Landslide at Baskot, Kanthekhola Rural Municipality-2",True,True,nepal_police,1,9
48384,2020-09-24,28.20936,84.53201,"84.53201,28.20936","Landslide at Chailung, Dordi Rural Municipality-5",True,True,nepal_police,1,13
48405,2020-09-24,27.78104,83.66859,"83.66859,27.78104","Landslide at Kerauli, Mathagadhi Rural Municipality-4",True,True,nepal_police,1,13
48406,2020-09-24,28.14423,82.89029,"82.89029,28.14423","Landslide at Khapring Khola, Pyuthan Municipality-8",True,True,nepal_police,1,13
55513,2021-06-13,28.07771,83.89355,"83.89355,28.07771","Landslide at Bhalupayad, Putalibazar Municipality-2",True,True,nepal_police,1,5
55541,2021-06-15,27.69223,83.52567,"83.52567,27.69223","Landslide at Charang, Devdaha Municipality-10",True,True,nepal_police,1,27
55543,2021-06-15,28.09789,83.48084,"83.48084,28.09789","Landslide at Gauri Khutta, Chandrakot Rural Municipality-5",True,True,nepal_police,1,27
55544,2021-06-15,27.96855,83.33176,"83.33176,27.96855","Landslide at Purano Khajvang, Chatrakot Rural Municipality-5",True,True,nepal_police,1,27
55546,2021-06-15,27.82444,83.67237,"83.67237,27.82444","Landslide at Humin, Rambha Rural Municipality-4",True,True,nepal_police,1,27
55575,2021-06-15,28.08579,83.01989,"83.01989,28.08579","Landslide at Hilebajar, Malarani Rural Municipality-9",True,True,nepal_police,1,27
55577,2021-06-15,27.88266,83.40676,"83.40676,27.88266","Landslide at Basdanda, Rainadevi Chhahara Rural Municipality-5",True,True,nepal_police,1,27
55585,2021-06-16,28.28381,83.56003,"83.56003,28.28381","Landslide at Pairabari, Baglung Municipality-7",True,True,nepal_police,1,7
55593,2021-06-16,29.19215,80.99595,"80.99595,29.19215","Landslide at Anahagadh, K I Singh Rural Municipality-3",True,True,nepal_police,1,7
55598,2021-06-16,29.39632,82.46423,"82.46423,29.39632","Landslide at Lekhidhunga, Patrasi Rural Municipality-2",True,True,nepal_police,1,7
55601,2021-06-16,28.0332,83.46399,"83.46399,28.0332","Landslide at Hasara, Satyawati Rural Municipality-5",True,True,nepal_police,1,7
55613,2021-06-16,28.02396,83.5538,"83.5538,28.02396","Landslide at Mulka, Kaligandaki Rural Municipality-3",True,True,nepal_police,1,7
55615,2021-06-16,28.33887,83.35744,"83.35744,28.33887","Landslide at Bhirkuna, Tara Khola Rural Municipality-5",True,True,nepal_police,1,7
55627,2021-06-18,29.91688,80.58545,"80.58545,29.91688","Landslide at Tangle, Byas Rural Municipality-6",True,True,nepal_police,1,7
55765,2021-07-01,27.92176,84.3865,"84.3865,27.92176","Landslide at Tamung, Bandipur Rural Municipality-3",True,True,nepal_police,1,19
55778,2021-07-01,27.16197,85.88458,"85.88458,27.16197","Landslide at pahire, Kamalamai Municipality-8",True,True,nepal_police,1,19
55785,2021-07-01,27.99242,84.06778,"84.06778,27.99242","Landslide at Patneri, Bhimad Municipality-7",True,True,nepal_police,1,19
55786,2021-07-01,27.99164,84.10901,"84.10901,27.99164",Landslide at Myagde Rural Municipality-5,True,True,nepal_police,1,19
55789,2021-07-01,28.07835,84.4764,"84.4764,28.07835","Landslide at Garambesi, Rainas Municipality-7",True,True,nepal_police,1,19
55790,2021-07-01,28.10247,84.24274,"84.24274,28.10247","Landslide at Tilahar, MadhyaNepal Municipality-4",True,True,nepal_police,1,19
55791,2021-07-01,27.67576,84.73799,"84.73799,27.67576","Landslide at Parkhaltole, Rapti Municipality-12",True,True,nepal_police,1,19
55793,2021-07-01,27.6931,84.66084,"84.66084,27.6931","Landslide at Danetar, Kalika Municipality-11",True,True,nepal_police,1,19
55800,2021-07-01,28.04345,84.06425,"84.06425,28.04345","Landslide at Pahadi, Shuklagandaki Municipality-8",True,True,nepal_police,1,19
55802,2021-07-02,28.05538,84.45291,"84.45291,28.05538","Landslide at Gauriphat, Bhanu Municipality-8",True,True,nepal_police,1,9
55804,2021-07-01,28.04704,84.54112,"84.54112,28.04704","Landslide at Bijulidanda, Palungtar Municipality-2",True,True,nepal_police,1,19
55846,2021-07-02,28.08704,84.63934,"84.63934,28.08704","Landslide at Upallo gorahe, Siranchok Rural Municipality-7",True,True,nepal_police,1,9
55849,2021-07-02,27.71625,85.33784,"85.33784,27.71625","Landslide at Chhakdole, Kathmandu Metropolitan City-5",True,True,nepal_police,1,9
55850,2021-07-02,27.64598,84.78594,"84.78594,27.64598","Landslide at Charimara, Raksirang Rural Municipality-7",True,True,nepal_police,1,9
55892,2021-07-04,27.28101,87.65274,"87.65274,27.28101",Landslide at Aathrai Tribeni Rural Municipality-1,True,True,nepal_police,1,5
55904,2021-07-07,28.30463,83.44557,"83.44557,28.30463","Landslide at Pogram, Tara Khola Rural Municipality-2",True,True,nepal_police,1,8
55933,2021-07-08,27.92976,84.183,"84.183,27.92976","Landslide at Dadhiban, Rhishing Rural Municipality-7",True,True,nepal_police,1,7
55958,2021-07-10,27.6884,86.15274,"86.15274,27.6884","Landslide at Jungu, Gaurishankar Rural Municipality-2",True,True,nepal_police,1,5
55959,2021-07-10,27.93648,85.31729,"85.31729,27.93648","Landslide at Kharanitar, Tadi Rural Municipality-3",True,True,nepal_police,1,5
55962,2021-07-10,29.41351,81.39995,"81.39995,29.41351","Landslide at Olina, Badimalika Municipality-4",True,True,nepal_police,1,5
55972,2021-07-10,27.66892,86.03845,"86.03845,27.66892","Landslide at Chithang, Bhimeshwor Municipality-6",True,True,nepal_police,1,5
56302,2021-08-19,27.98301,85.2502,"85.2502,27.98301","Landslide at kodadha, Naukunda Rural Municipality-5",True,True,nepal_police,1,6
56310,2021-08-19,27.82663,85.26602,"85.26602,27.82663","Landslide at OKharpauwa, Kakani Rural Municipality-5",True,True,nepal_police,1,6
56451,2021-08-29,28.60106,81.49877,"81.49877,28.60106","Landslide at pakpa, Barahtal Rural Municipality-2",True,True,nepal_police,1,5
56492,2021-08-29,29.74334,80.88122,"80.88122,29.74334","Landslide at thada gholcjer, Marma Rural Municipality-1",True,True,nepal_police,1,5
56529,2021-09-03,28.15032,83.46343,"83.46343,28.15032","Landslide at Bhirkatari, Bareng Rural Municipality-3",True,True,nepal_police,1,5
56803,2021-10-19,29.22059,80.65327,"80.65327,29.22059","Landslide at Bhatkada, Ganayapdhura Rural Municipality-1",True,True,nepal_police,1,43
56806,2021-10-20,29.05396,81.9002,"81.9002,29.05396","Landslide at yotha, Mahawai Rural Municipality-2",True,True,nepal_police,1,22
56813,2021-10-19,29.52898,81.20973,"81.20973,29.52898",Landslide at JayaPrithivi Municipality-3,True,True,nepal_police,1,43
56815,2021-10-19,29.54275,81.18663,"81.18663,29.54275",Landslide at JayaPrithivi Municipality-9,True,True,nepal_police,1,43
56817,2021-10-19,27.26748,87.23441,"87.23441,27.26748",Landslide at Chainpur Municipality-11,True,True,nepal_police,1,43
56818,2021-10-19,29.51579,81.21947,"81.21947,29.51579",Landslide at JayaPrithivi Municipality-2,True,True,nepal_police,1,43
56828,2021-10-20,29.67056,80.89194,"80.89194,29.67056",Landslide at Bungal Municipality-6,True,True,nepal_police,1,22
56832,2021-10-19,29.28286,80.62971,"80.62971,29.28286","Landslide at Tadipate, Amargadhi Municipality-1",True,True,nepal_police,1,43
56835,2021-10-19,29.32169,80.96148,"80.96148,29.32169",Landslide at Aadarsha Rural Municipality-1,True,True,nepal_police,1,43
56837,2021-10-19,29.32019,80.8014,"80.8014,29.32019","Landslide at Barbata, Shikhar Municipality-11",True,True,nepal_police,1,43
56839,2021-10-19,28.48246,81.02742,"81.02742,28.48246","Landslide at khirejagatol, Bhajani Municipality-8",True,True,nepal_police,1,43
56841,2021-10-19,29.52969,81.88297,"81.88297,29.52969","Landslide at pikhu, Khatyad Rural Municipality-4",True,True,nepal_police,1,43
56842,2021-10-19,30.05131,82.07936,"82.07936,30.05131","Landslide at Kharegaun, Kharpunath Rural Municipality-5",True,True,nepal_police,1,43
56845,2021-10-19,29.43426,80.36566,"80.36566,29.43426",Landslide at Shivanath Rural Municipality-5,True,True,nepal_police,1,43
56848,2021-10-19,29.36016,81.33911,"81.33911,29.36016",Landslide at Budhiganga Municipality-6,True,True,nepal_police,1,43
56857,2021-10-20,27.07801,87.15734,"87.15734,27.07801","Landslide at khesang, Pauwadungma Rural Municipality-6",True,True,nepal_police,1,22
56875,2021-10-20,29.46357,81.16751,"81.16751,29.46357","Landslide at pasalbagar, Khaptadchhanna Rural Municipality-4",True,True,nepal_police,1,22
56879,2021-10-19,29.34904,81.01426,"81.01426,29.34904",Landslide at Sayal Rural Municipality-4,True,True,nepal_police,1,43
56881,2021-10-19,29.92569,81.83402,"81.83402,29.92569",Landslide at Kharpunath Rural Municipality-4,True,True,nepal_police,1,43
56888,2021-10-20,29.28363,80.67491,"80.67491,29.28363",Landslide at Ganayapdhura Rural Municipality-2,True,True,nepal_police,1,22
56889,2021-10-20,29.30161,80.48717,"80.48717,29.30161",Landslide at Bhageshwar Rural Municipality-4,True,True,nepal_police,1,22
56893,2021-10-20,29.49622,81.49592,"81.49592,29.49622","Landslide at siradi, Badimalika Municipality-3",True,True,nepal_police,1,22
56913,2021-10-19,27.0291,87.76941,"87.76941,27.0291",Landslide at Falgunanda Rural Municipality-4,True,True,nepal_police,1,43
56923,2021-10-19,26.92558,87.67289,"87.67289,26.92558",Landslide at Miklajung Rural Municipality-4,True,True,nepal_police,1,43
56924,2021-10-19,27.08718,87.76469,"87.76469,27.08718",Landslide at Phidim Municipality-6,True,True,nepal_police,1,43
56927,2021-10-19,26.892,87.67077,"87.67077,26.892",Landslide at Miklajung Rural Municipality-5,True,True,nepal_police,1,43
56928,2021-10-19,27.02479,87.64584,"87.64584,27.02479",Landslide at Kummayak Rural Municipality-2,True,True,nepal_police,1,43
56934,2021-10-19,26.9807,87.66401,"87.66401,26.9807",Landslide at Miklajung Rural Municipality-2,True,True,nepal_police,1,43
56940,2021-10-20,29.49805,80.84693,"80.84693,29.49805","Landslide at Subakot, Bithadchir Rural Municipality-7",True,True,nepal_police,1,22
56954,2021-10-19,26.85323,87.69045,"87.69045,26.85323","Landslide at Chisopani, Mangsebung Rural Municipality-6",True,True,nepal_police,1,43
56955,2021-10-19,26.96219,87.73249,"87.73249,26.96219","Landslide at Salleri, Fakphokthum Rural Municipality-3",True,True,nepal_police,1,43
56958,2021-10-20,26.97513,87.84018,"87.84018,26.97513","Landslide at Lutimaya, Deumai Municipality-2",True,True,nepal_police,1,22
56959,2021-10-20,26.4361,87.26524,"87.26524,26.4361",Landslide at Biratnagar Metropolitan City-12,True,True,nepal_police,1,22
56962,2021-10-20,26.56616,87.11162,"87.11162,26.56616",Landslide at Bhokraha Rural Municipality-7,True,True,nepal_police,1,22
56963,2021-10-20,26.7075,87.2888,"87.2888,26.7075",Landslide at Itahari Submetropolitan City-2,True,True,nepal_police,1,22
56965,2021-10-19,26.67314,87.26313,"87.26313,26.67314",Landslide at Itahari Submetropolitan City-5,True,True,nepal_police,1,43
56970,2021-10-19,29.4405,80.97972,"80.97972,29.4405","Landslide at Dhikla, Thalara Rural Municipality-4",True,True,nepal_police,1,43
56982,2021-10-19,29.16233,80.96057,"80.96057,29.16233","Landslide at Gauradi, K I Singh Rural Municipality-4",True,True,nepal_police,1,43
59542,2022-06-18,28.19372,84.38855,"84.38855,28.19372","Landslide at Chisapani, Besishahar Municipality-2",True,True,nepal_police,1,6
59543,2022-06-18,28.23844,84.31765,"84.31765,28.23844","Landslide at Baglungpani, Kwholasothar Rural Municipality-1",True,True,nepal_police,1,6
59548,2022-06-18,28.12391,84.54549,"84.54549,28.12391","Landslide at Borangkhola, Rainas Municipality-1",True,True,nepal_police,1,6
59626,2022-06-26,29.03629,81.75202,"81.75202,29.03629","Landslide at Dillikote, Mahawai Rural Municipality-4",True,True,nepal_police,1,6
59631,2022-06-26,28.33854,83.90618,"83.90618,28.33854",Landslide at Machhapuchchhre Rural Municipality-5,True,True,nepal_police,1,6
59634,2022-06-26,28.3124,83.92798,"83.92798,28.3124",Landslide at Machhapuchchhre Rural Municipality-4,True,True,nepal_police,1,6
59652,2022-06-28,27.68143,83.45941,"83.45941,27.68143","Landslide at Majhgaun, Butwal Submetropolitan City-11",True,True,other,1,6
59654,2022-06-28,27.5141,82.8124,"82.8124,27.5141","Landslide at Simara, Krishnanagar Municipality-1",True,True,other,1,6
59666,2022-06-28,28.93763,82.12546,"82.12546,28.93763","Landslide at Lata, Kuse Rural Municipality-8",True,True,other,1,6
59669,2022-06-28,27.68902,83.46506,"83.46506,27.68902","Landslide at Milanchong, Butwal Submetropolitan City-9",True,True,other,1,6
59681,2022-06-29,27.19806,87.42634,"87.42634,27.19806","Landslide at Mahabir, Dharmadevi Municipality-1",True,True,other,1,5
59686,2022-06-28,28.2048,82.96988,"82.96988,28.2048","Landslide at Liwang, Gaumukhi Rural Municipality-6",True,True,nepal_police,1,6
59694,2022-06-29,28.24155,83.1103,"83.1103,28.24155","Landslide at Jaluke, Malika Rural Municipality-3",True,True,other,1,5
59941,2022-07-21,29.35498,81.95469,"81.95469,29.35498","Landslide at Chulegum, Sinja Rural Municipality-2",True,True,nepal_police,1,5
59943,2022-07-21,28.09841,83.88254,"83.88254,28.09841","Landslide at Kumalaganu, Putalibazar Municipality-3",True,True,other,1,5
59973,2022-07-25,29.03232,82.76336,"82.76336,29.03232","Landslide at Chughat, Tripurasundari Municipality-9",True,True,nepal_police,1,9
59975,2022-07-25,28.85778,81.49964,"81.49964,28.85778","Landslide at Bhulu, Turmakhad Rural Municipality-2",True,True,nepal_police,1,9
59977,2022-07-25,28.90082,81.50775,"81.50775,28.90082","Landslide at Gangetara, Chamunda Bindrasaini Municipality-7",True,True,nepal_police,1,9
59985,2022-07-25,27.42722,86.11389,"86.11389,27.42722","Landslide at Tilpung, Likhu Tamakoshi Rural Municipality-7",True,True,nepal_police,1,9
59988,2022-07-25,27.65515,85.7458,"85.7458,27.65515","Landslide at Saping, Bhumlu Rural Municipality-1",True,True,nepal_police,1,9
60026,2022-07-31,27.50025,86.12299,"86.12299,27.50025","Landslide at Kirnetawer, Tamakoshi Rural Municipality-5",True,True,nepal_police,1,7
60042,2022-07-31,27.15339,87.53526,"87.53526,27.15339","Landslide at Surunga, Myanglung Municipality-9",True,True,nepal_police,1,7
60047,2022-08-01,28.21297,84.00582,"84.00582,28.21297","Landslide at Dhalkepul, Pokhara Lekhnath Metropolitan City-12",True,True,nepal_police,1,6
60114,2022-08-06,28.40069,83.07468,"83.07468,28.40069","Landslide at Malma, Dhorpatan Municipality-8",True,True,nepal_police,1,5
60135,2022-08-07,29.0295,82.20397,"82.20397,29.0295","Landslide at Mulsam, Barekot Rural Municipality-3",True,True,nepal_police,1,6
60374,2022-09-01,29.78718,80.4597,"80.4597,29.78718","Landslide at Ashigada, Mahakali_Darchula Municipality-8",True,True,nepal_police,1,11
60376,2022-09-01,28.42276,83.41529,"83.41529,28.42276","Landslide at Darwang, Malika Rural Municipality-6",True,True,nepal_police,1,11
60377,2022-09-01,29.32707,81.32294,"81.32294,29.32707","Landslide at purbhuta, Tribeni Municipality-3",True,True,nepal_police,1,11
60378,2022-09-01,29.38001,81.2232,"81.2232,29.38001",Landslide at Khaptad Chhededaha Rural Municipality-1,True,True,nepal_police,1,11
60494,2022-09-17,29.0662,81.33079,"81.33079,29.0662","Landslide at Dhungachalna, Kamalbazar Municipality-8",True,True,nepal_police,1,9
60495,2022-09-17,29.09993,81.32231,"81.32231,29.09993","Landslide at Thatikhadh, Kamalbazar Municipality-6",True,True,nepal_police,1,9
60496,2022-09-17,28.93994,81.33264,"81.33264,28.93994","Landslide at Nada, Turmakhad Rural Municipality-5",True,True,nepal_police,1,9
60500,2022-09-17,28.95201,81.29009,"81.29009,28.95201","Landslide at Khimane, Dhakari Rural Municipality-6",True,True,nepal_police,1,9
60505,2022-09-17,28.83967,81.33004,"81.33004,28.83967","Landslide at Gutu, Chaukune Rural Municipality-8",True,True,nepal_police,1,9
60506,2022-09-17,28.82154,81.34893,"81.34893,28.82154","Landslide at Rag, Panchpuri Municipality-9",True,True,nepal_police,1,9
60519,2022-09-17,29.01043,80.63459,"80.63459,29.01043","Landslide at Shajapur, Chure Rural Municipality-3",True,True,nepal_police,1,9
60664,2022-10-05,28.18358,82.91097,"82.91097,28.18358","Landslide at Dhad, Naubahini Rural Municipality-6",True,True,nepal_police,1,5
60680,2022-10-05,28.4398,82.35001,"82.35001,28.4398","Landslide at Charaghsareni, Bagchaur Municipality-9",True,True,nepal_police,1,5
60683,2022-10-06,28.69034,82.37566,"82.37566,28.69034","Landslide at bathakot, Sani Bheri Rural Municipality-6",True,True,nepal_police,1,11
60690,2022-10-07,27.70678,85.20982,"85.20982,27.70678","Landslide at Dyan kendra, Chandragiri Municipality-2",True,True,nepal_police,1,16
60692,2022-10-06,28.41187,82.32518,"82.32518,28.41187","Landslide at Jiula, Chhatreshwori Rural Municipality-1",True,True,nepal_police,1,11
60704,2022-10-07,28.02283,83.09391,"83.09391,28.02283","Landslide at Naulapani, Sandhikharka Municipality-9",True,True,nepal_police,1,16
60707,2022-10-07,28.55323,81.65771,"81.65771,28.55323","Landslide at Byureni, Birendranagar Municipality-11",True,True,nepal_police,1,16
60709,2022-10-07,28.67324,81.92709,"81.92709,28.67324","Landslide at Rathma, Shiwalaya Rural Municipality-3",True,True,nepal_police,1,16
60710,2022-10-07,28.8928,82.27365,"82.27365,28.8928","Landslide at Kapti, Barekot Rural Municipality-9",True,True,nepal_police,1,16
60722,2022-10-07,28.56316,82.40183,"82.40183,28.56316","Landslide at Dhungepani, Tribeni Rural Municipality-6",True,True,nepal_police,1,16
60732,2022-10-07,28.01878,82.62282,"82.62282,28.01878",Landslide at Banglachuli Rural Municipality-4,True,True,nepal_police,1,16
60735,2022-10-07,27.98791,82.78566,"82.78566,27.98791","Landslide at Budhichaur, Sarumarani Rural Municipality-6",True,True,nepal_police,1,16
60739,2022-10-08,28.31965,83.09628,"83.09628,28.31965","Landslide at Mahakharka, Nisikhola Rural Municipality-1",True,True,nepal_police,1,5
60740,2022-10-06,27.75997,85.15899,"85.15899,27.75997","Landslide at Chhapagaun, Dhunibesi Municipality-4",True,True,nepal_police,1,11
60742,2022-10-08,28.38168,82.11641,"82.11641,28.38168","Landslide at Marke, Sharada Municipality-8",True,True,nepal_police,1,5
60743,2022-10-08,29.40347,82.00462,"82.00462,29.40347","Landslide at Barekot danda, Kanakasundari Rural Municipality-3",True,True,nepal_police,1,5
60746,2022-10-08,28.06223,82.73269,"82.73269,28.06223","Landslide at Pharinde, Mandavi Rural Municipality-4",True,True,nepal_police,1,5
60759,2022-10-09,28.08998,82.65394,"82.65394,28.08998","Landslide at Kusunde, Sworgadwary Municipality-1",True,True,nepal_police,1,13
60770,2022-10-10,29.44526,81.66117,"81.66117,29.44526","Landslide at Dhadakot, Jagannath Rural Municipality-1",True,True,nepal_police,1,8
60771,2022-10-09,29.50905,80.90231,"80.90231,29.50905","Landslide at Bagthala, Kedarseu Rural Municipality-4",True,True,nepal_police,1,13
60773,2022-10-10,29.51007,82.21496,"82.21496,29.51007","Landslide at Salim, Chhayanath Rara Municipality-11",True,True,nepal_police,1,8
60774,2022-10-09,29.18664,81.84627,"81.84627,29.18664","Landslide at Rachuli, Tilagufa Municipality-4",True,True,nepal_police,1,13
60787,2022-10-10,29.11033,81.77807,"81.77807,29.11033",Landslide at Tilagufa Municipality-11,True,True,nepal_police,1,8
60792,2022-10-09,29.18919,81.81345,"81.81345,29.18919","Landslide at Bhaisegoda, Tilagufa Municipality-5",True,True,nepal_police,1,13
60798,2022-10-11,29.34803,81.30974,"81.30974,29.34803","Landslide at Syalkatyaya, Budhiganga Municipality-7",True,True,nepal_police,1,7
60799,2022-10-09,29.67083,81.80392,"81.80392,29.67083","Landslide at Madan, Tanjakot Rural Municipality-5",True,True,nepal_police,1,13
60800,2022-10-10,28.86167,81.6623,"81.6623,28.86167","Landslide at Shristhan, Bhairabi Rural Municipality-1",True,True,nepal_police,1,8
60807,2022-10-08,29.14553,81.90595,"81.90595,29.14553","Landslide at Ratada, Tilagufa Municipality-2",True,True,nepal_police,1,5
60808,2022-10-09,29.30742,81.71845,"81.71845,29.30742","Landslide at Nuwaghar, Pachaljharana Rural Municipality-7",True,True,nepal_police,1,13
60813,2022-10-11,28.80943,81.61318,"81.61318,28.80943","Landslide at Tolipani, Dullu Municipality-6",True,True,nepal_police,1,7
60814,2022-10-11,29.59192,81.71155,"81.71155,29.59192","Landslide at kawadi, Himali Rural Municipality-5",True,True,nepal_police,1,7
60815,2022-10-10,29.02636,81.48375,"81.48375,29.02636","Landslide at Dhalebaj, Aathabis Municipality-8",True,True,nepal_police,1,8
60818,2022-10-11,28.12351,82.07432,"82.07432,28.12351","Landslide at Malaikhola, Babai Rural Municipality-7",True,True,nepal_police,1,7
64748,2023-06-15,27.31882,86.50955,"86.50955,27.31882","Landslide at Rambazar, Siddhicharan Municipality-11",True,True,other,1,8
64818,2023-06-17,27.41286,87.34043,"87.34043,27.41286","Landslide at Majuwa Dovan, Sabhapokhari Rural Municipality-6",True,True,other,1,13
64875,2023-06-18,27.24863,87.98621,"87.98621,27.24863","Landslide at Phedi, Yangwarak Rural Municipality-1",True,True,other,1,12
64883,2023-06-19,27.1766,87.75005,"87.75005,27.1766","Landslide at Yekcheppa, Hilihang Rural Municipality-7",True,True,other,1,11
64885,2023-06-19,27.17851,87.69147,"87.69147,27.17851","Landslide at Chuhan Danda , Aathrai Rural Municipality-6",True,True,other,1,11
64964,2023-06-23,29.67356,80.62775,"80.62775,29.67356","Landslide at Giribagad - Naulakhola , Dilasaini Rural Municipality-3",True,True,other,1,13
64972,2023-06-23,29.0144,81.65391,"81.65391,29.0144","Landslide at Bajangineta, Bhairabi Rural Municipality-7",True,True,other,1,13
64976,2023-06-23,26.85692,88.15162,"88.15162,26.85692","Landslide at Sungtun / Orange Valley , Suryodaya Municipality-5",True,True,other,1,13
64980,2023-06-24,28.26284,83.74598,"83.74598,28.26284","Landslide at Mahabhir , Modi Rural Municipality-6",True,True,nepal_police,1,9
65042,2023-06-25,27.35365,86.64151,"86.64151,27.35365","Landslide at Bihibare Bazar , Nechasalyan Rural Municipality-3",True,True,other,1,8
65059,2023-06-24,27.6971,85.91769,"85.91769,27.6971","Landslide at Nigale , Lisangkhu Pakhar Rural Municipality-5",True,True,other,1,9
65063,2023-06-27,28.66162,82.05891,"82.05891,28.66162","Landslide at Damar Khola , Chhedagad Municipality-13",True,True,other,1,6
65084,2023-06-24,27.35238,86.60202,"86.60202,27.35238",Landslide at Nechasalyan Rural Municipality-5,True,True,other,1,9
65091,2023-06-28,28.76916,81.60688,"81.60688,28.76916","Landslide at Rati Khola , Gurans Rural Municipality-2",True,True,other,1,8
65105,2023-06-29,28.31503,83.62223,"83.62223,28.31503","Landslide at Kerabari , Jaljala Rural Municipality-7",True,True,other,1,7
65117,2023-06-30,27.6787,85.31004,"85.31004,27.6787","Landslide at Bhalukhola / Pangdur Dolma, Lalitpur Metropolitan City-3",True,True,other,1,16
65150,2023-06-30,29.2309,81.64931,"81.64931,29.2309",Landslide at Raskot Municipality-7,True,True,other,1,16
65164,2023-07-01,27.83944,83.97525,"83.97525,27.83944","Landslide at Syaulibazar, Rampur Municipality-1",True,True,other,1,23
65178,2023-07-02,27.91907,85.88028,"85.88028,27.91907","Landslide at Dharapani, Bhotekoshi Rural Municipality-1",True,True,other,1,8
65203,2023-07-03,29.99711,81.6805,"81.6805,29.99711","Landslide at Khagal Gaau, Namkha Rural Municipality-3",True,True,other,1,8
65227,2023-07-04,27.87511,83.30782,"83.30782,27.87511","Landslide at Panena , Panini Rural Municipality-1",True,True,other,1,23
65237,2023-07-04,26.92973,86.99068,"86.99068,26.92973","Landslide at Pangcha, Aamchowk Rural Municipality-10",True,True,other,1,23
65240,2023-07-04,27.7738,84.89826,"84.89826,27.7738","Landslide at Ghatbesi , Gajuri Rural Municipality-5",True,True,other,1,23
65278,2023-07-04,27.12012,87.81063,"87.81063,27.12012","Landslide at Nanglapa, Phidim Municipality-7",True,True,other,1,23
65282,2023-07-06,29.56021,82.12805,"82.12805,29.56021","Landslide at Phuli Bamdhara, Chhayanath Rara Municipality-3",True,True,nepal_police,1,5
65430,2023-07-15,27.74311,84.36657,"84.36657,27.74311","Landslide at Seto Pahare, Gaidakot Municipality-3",True,True,other,1,11
65435,2023-07-15,29.34349,80.81647,"80.81647,29.34349","Landslide at Talara - Bali Tole , Aadarsha Rural Municipality-5",True,True,other,1,11
65737,2023-08-07,27.8621,82.50943,"82.50943,27.8621",Landslide at Lamahi Municipality-6,True,True,other,1,8
65745,2023-08-07,27.52387,85.05053,"85.05053,27.52387","Landslide at Jyaltar, Bhimphedi Rural Municipality-2",True,True,other,1,8
65757,2023-08-08,27.70581,85.38853,"85.38853,27.70581","Landslide at Dhungedhara, Kageshwori Manahora Municipality-7",True,True,other,1,21
65764,2023-08-08,27.69942,85.40972,"85.40972,27.69942","Landslide at Samthali, Changunarayan Municipality-1",True,True,other,1,21
65768,2023-08-08,27.69286,85.32096,"85.32096,27.69286","Landslide at Tripureshwor, Kathmandu Metropolitan City-11",True,True,other,1,21
65779,2023-08-08,28.37457,83.04148,"83.04148,28.37457","Landslide at Jayathumka, Nisikhola Rural Municipality-4",True,True,other,1,21
65781,2023-08-08,27.42496,85.4398,"85.4398,27.42496",Landslide at Khanikhola Rural Municipality-7,True,True,other,1,21
65788,2023-08-08,27.40611,84.38933,"84.38933,27.40611","Landslide at Kharkatta, Madi Municipality-8",True,True,other,1,21
65801,2023-08-08,28.06155,84.21301,"84.21301,28.06155","Landslide at Bhalayadanda, Vyas Municipality-6",True,True,other,1,21
65839,2023-08-11,27.47311,85.41695,"85.41695,27.47311","Landslide at Lamasoti, Mahankal Rural Municipality-5",True,True,other,1,7
65849,2023-08-11,27.38316,86.62747,"86.62747,27.38316","Landslide at Gurung Danda , Nechasalyan Rural Municipality-2",True,True,other,1,7
65863,2023-08-13,27.27845,87.08769,"87.08769,27.27845","Landslide at Bihibare, Shadananda Municipality-14",True,True,other,1,5
65926,2023-08-16,27.7078,86.46974,"86.46974,27.7078","Landslide at Lyachhebar, Umakunda Rural Municipality-1",True,True,other,1,7
66046,2023-08-27,27.11041,86.78851,"86.78851,27.11041","Landslide at Baphlu, Diprung Chuichumma Rural Municipality-2",True,True,other,1,5
72148,2024-06-17,27.99162,83.56245,"83.56245,27.99162","Landslide at Harmichaur, Kaligandaki Rural Municipality-1",True,True,nepal_police,1,6
72199,2024-06-18,26.93377,87.43323,"87.43323,26.93377","Landslide at Odeare, Chaubise Rural Municipality-5",True,True,nepal_police,1,9
72379,2024-06-26,28.22202,84.41793,"84.41793,28.22202",Landslide at Dordi Rural Municipality-9,True,True,nepal_police,1,26
72505,2024-06-29,28.12675,83.38824,"83.38824,28.12675","Landslide at Balewang, Chandrakot Rural Municipality-2",True,True,nepal_police,1,17
72506,2024-06-29,28.16619,83.41767,"83.41767,28.16619","Landslide at Sukhaura, Bareng Rural Municipality-5",True,True,nepal_police,1,17
72510,2024-06-28,29.6365,81.62776,"81.62776,29.6365","Landslide at Kotigau, Himali Rural Municipality-2",True,True,nepal_police,1,8
72511,2024-06-29,28.25526,83.27688,"83.27688,28.25526","Landslide at Naitul, Badigad Rural Municipality-4",True,True,nepal_police,1,17
72514,2024-06-29,29.0778,80.16446,"80.16446,29.0778","Landslide at Hattidhunga, Bhimdatta Municipality-9",True,True,nepal_police,1,17
72525,2024-06-29,27.50056,86.57367,"86.57367,27.50056","Landslide at Sallari, Solududhakunda Municipality-5",True,True,nepal_police,1,17
72526,2024-06-29,27.56766,86.83177,"86.83177,27.56766","Landslide at Bhuwa, Mahakulung Rural Municipality-2",True,True,nepal_police,1,17
72551,2024-07-01,27.1809,86.7379,"86.7379,27.1809",Landslide at Diktel Rupakot Majhuwagadhi Municipality-15,True,True,other,1,12
72562,2024-06-30,27.37643,86.38445,"86.38445,27.37643","Landslide at Pesalgaira , Molung Rural Municipality-6",True,True,other,1,14
72689,2024-07-06,27.16414,86.54315,"86.54315,27.16414","Landslide at Chamsitar, Halesi Tuwachung Municipality-3",True,True,nepal_police,1,58
72691,2024-07-06,27.92334,83.46312,"83.46312,27.92334","Landslide at Kamalpokhari, Tansen Municipality-14",True,True,nepal_police,1,58
72720,2024-07-06,29.31929,81.24641,"81.24641,29.31929","Landslide at Budhabagar , Sanphebagar Municipality-13",True,True,nepal_police,1,58
72721,2024-07-06,28.0318,82.45528,"82.45528,28.0318","Landslide at Sarra , Ghorahi Submetropolitan City-16",True,True,nepal_police,1,58
72811,2024-07-07,28.00441,83.75868,"83.75868,28.00441","Landslide at Gaajani , Waling Municipality-11",True,True,other,1,27
72856,2024-07-07,28.05231,85.18138,"85.18138,28.05231","Landslide at Deurali , Uttargaya Rural Municipality-2",True,True,other,1,27
72873,2024-07-07,28.08337,83.75926,"83.75926,28.08337","Landslide at Simalchour, Arjunchaupari Rural Municipality-1",True,True,nepal_police,1,27
72874,2024-07-07,27.34004,86.53545,"86.53545,27.34004","Landslide at Chuplu, Siddhicharan Municipality-5",True,True,nepal_police,1,27
72877,2024-07-07,27.85087,83.55788,"83.55788,27.85087","Landslide at Kokaranga, Tansen Municipality-6",True,True,nepal_police,1,27
72878,2024-07-07,29.31985,80.93484,"80.93484,29.31985","Landslide at Chasi, Aadarsha Rural Municipality-1",True,True,nepal_police,1,27
72880,2024-07-07,27.35985,87.68455,"87.68455,27.35985","Landslide at Bebare, Phungling Municipality-6",True,True,nepal_police,1,27
72894,2024-07-07,27.9736,83.92946,"83.92946,27.9736","Landslide at Bakhrikhor, Harinas Rural Municipality-5",True,True,nepal_police,1,27
72902,2024-07-08,28.64186,82.16579,"82.16579,28.64186","Landslide at Kastara , Bheri Municipality-12",True,True,other,1,16
73043,2024-07-10,28.08821,84.37147,"84.37147,28.08821","Landslide at Talloghale Chhap , Bhanu Municipality-12",True,True,other,1,14
73075,2024-07-12,28.24341,84.13357,"84.13357,28.24341","Landslide at Tallotaple, Madi Rural Municipality-11",True,True,nepal_police,1,24
73079,2024-07-11,28.47237,83.35841,"83.35841,28.47237",Landslide at Dhaulagiri Rural Municipality-7,True,True,nepal_police,1,20
73127,2024-07-12,27.82572,84.00752,"84.00752,27.82572","Landslide at Kwang Deurali , Nisdi Rural Municipality-1",True,True,nepal_police,1,24
73136,2024-07-12,28.46471,83.61126,"83.61126,28.46471","Landslide at Maroka Tole Kamerepani , Annapurna Rural Municipality-1",True,True,nepal_police,1,24
73140,2024-07-11,27.56839,83.27857,"83.27857,27.56839",Landslide at Gaidahawa Rural Municipality-4,True,True,nepal_police,1,20
73141,2024-07-12,27.86446,84.97207,"84.97207,27.86446","Landslide at Syaldanda, Neelakantha Municipality-5",True,True,nepal_police,1,24
73177,2024-07-14,27.84518,85.37655,"85.37655,27.84518",Landslide at Shivapuri Rural Municipality-5,True,True,other,1,9
73241,2024-07-16,27.41486,86.96293,"86.96293,27.41486","Landslide at Bakhumma , Salpasilichho Rural Municipality-5",True,True,other,1,11
73398,2024-07-23,28.64561,82.37198,"82.37198,28.64561","Landslide at Rupendra Khada , Sani Bheri Rural Municipality-9",True,True,other,1,6
73531,2024-07-31,27.68338,85.35564,"85.35564,27.68338",Landslide at Kathmandu Metropolitan City-32,True,True,other,1,16
73560,2024-07-31,27.81294,85.59097,"85.59097,27.81294","Landslide at Baguwa , Melamchi Municipality-10",True,True,other,1,16
73590,2024-08-01,28.64795,81.69158,"81.69158,28.64795","Landslide at Kanchi Bazar , Birendranagar Municipality-15",True,True,other,1,8
73608,2024-08-01,27.21259,86.72413,"86.72413,27.21259",Landslide at Diktel Rupakot Majhuwagadhi Municipality-14,True,True,other,1,8
73773,2024-08-11,27.70769,85.3338,"85.3338,27.70769","Landslide at Gyaneshwor , Kathmandu Metropolitan City-30",True,True,other,1,11
73933,2024-08-19,29.58195,80.8341,"80.8341,29.58195","Landslide at Tumeda , Bungal Municipality-10",True,True,other,1,6
73968,2024-08-20,27.76969,85.79306,"85.79306,27.76969",Landslide at Balefi Rural Municipality-4,True,True,other,1,10
74601,2024-09-28,27.68364,85.32327,"85.32327,27.68364","Landslide at Takhel , Lalitpur Metropolitan City-10",True,True,other,1,167
74625,2024-09-27,27.16275,87.03122,"87.03122,27.16275",Landslide at Bhojpur Municipality-6,True,True,other,1,22
74638,2024-09-27,27.34425,86.27221,"86.27221,27.34425","Landslide at Raniban , Champadevi Rural Municipality-10",True,True,other,1,22
74645,2024-09-27,27.6211,85.30295,"85.30295,27.6211","Landslide at Bumati Buspark , Lalitpur Metropolitan City-22",True,True,other,1,22
74675,2024-09-28,27.28599,86.8135,"86.8135,27.28599","Landslide at Hurlang , Diktel Rupakot Majhuwagadhi Municipality-11",True,True,other,1,167
74693,2024-09-28,27.63481,85.50979,"85.50979,27.63481",Landslide at Banepa Municipality-10,True,True,other,1,167
74722,2024-09-28,27.59987,85.43875,"85.43875,27.59987","Landslide at Singe , Panauti Municipality-1",True,True,other,1,167
74724,2024-09-28,27.59323,85.5578,"85.5578,27.59323",Landslide at Dhulikhel Municipality-10,True,True,other,1,167
74736,2024-09-28,27.56715,85.35064,"85.35064,27.56715","Landslide at Lele, Godawari_Lalitpur Municipality-5",True,True,other,1,167
74779,2024-09-28,27.23591,86.43834,"86.43834,27.23591",Landslide at Manebhanjyang Rural Municipality-9,True,True,other,1,167
74802,2024-09-28,27.10083,86.44126,"86.44126,27.10083",Landslide at Katari Municipality-10,True,True,other,1,167
74854,2024-09-28,27.54646,85.54501,"85.54501,27.54646","Landslide at Thumki /Ladkepauwa , Panauti Municipality-11",True,True,other,1,167
74859,2024-09-28,27.44672,85.72061,"85.72061,27.44672","Landslide at Balting , Roshi Rural Municipality-10",True,True,other,1,167
74862,2024-09-28,27.67813,85.67712,"85.67712,27.67813","Landslide at Mandandeupur , Mandandeupur Municipality-12",True,True,other,1,167
74942,2024-09-28,27.57008,85.71476,"85.71476,27.57008",Landslide at Temal Rural Municipality-1,True,True,other,1,167
74959,2024-09-28,27.69152,85.33523,"85.33523,27.69152","Landslide at T.U.  & ward 8 Gaushala , Kathmandu Metropolitan City-10",True,True,other,1,167
75030,2024-09-28,26.86678,87.80628,"87.80628,26.86678","Landslide at Shreekhumba , Deumai Municipality-9",True,True,other,1,167
80479,2025-06-15,28.81395,81.83578,"81.83578,28.81395","Landslide at Sidar, Bhagawatimai Rural Municipality-2",True,True,nepal_police,1,6
80541,2025-06-18,27.27767,86.46176,"86.46176,27.27767",Landslide at Siddhicharan Municipality-10,True,True,nepal_police,1,6
80557,2025-06-20,27.71393,85.50315,"85.50315,27.71393","Landslide at Phadi, Changunarayan Municipality-6",True,True,nepal_police,1,13
80594,2025-06-20,28.39689,84.0879,"84.0879,28.39689","Landslide at Khilang, Madi Rural Municipality-1",True,True,other,1,13
80595,2025-06-20,28.06685,83.38053,"83.38053,28.06685","Landslide at Sisne, Chandrakot Rural Municipality-7",True,True,other,1,13
80723,2025-06-24,27.46339,86.86266,"86.86266,27.46339",Landslide at Mahakulung Rural Municipality-5,True,True,other,1,8
80807,2025-06-30,29.56853,80.61839,"80.61839,29.56853","Landslide at Gora Gaau , Purchaudi Municipality-10",True,True,nepal_police,1,7
80809,2025-06-30,28.95163,80.17406,"80.17406,28.95163",Landslide at Bhimdatta Municipality-15,True,True,nepal_police,1,7
80873,2025-07-03,27.98777,85.19168,"85.19168,27.98777","Landslide at Bogatitar, Uttargaya Rural Municipality-5",True,True,nepal_police,1,5
80874,2025-07-03,28.74449,81.71423,"81.71423,28.74449","Landslide at Dandaparajul, Dungeshwor Rural Municipality-5",True,True,nepal_police,1,5
80877,2025-07-03,28.87116,82.1085,"82.1085,28.87116",Landslide at Kuse Rural Municipality-3,True,True,nepal_police,1,5
80895,2025-07-04,27.70352,85.86842,"85.86842,27.70352","Landslide at Timure, Lisangkhu Pakhar Rural Municipality-7",True,True,other,1,5
80897,2025-07-04,29.4722,81.94354,"81.94354,29.4722","Landslide at Tarapani , Khatyad Rural Municipality-5",True,True,other,1,5
80901,2025-07-03,27.82426,85.69773,"85.69773,27.82426","Landslide at Syaule , Chautara SangachokGadhi Municipality-1",True,True,other,1,5
80903,2025-07-04,27.8719,85.13618,"85.13618,27.8719","Landslide at Devighat , Bidur Municipality-5",True,True,other,1,5
80963,2025-07-08,29.09082,81.2686,"81.2686,29.09082",Landslide at Mangalsen Municipality-6,True,True,nepal_police,1,6
81000,2025-07-09,28.6985,82.55938,"82.55938,28.6985","Landslide at Tharkate , Banfikot Rural Municipality-2",True,True,nepal_police,1,11
81007,2025-07-08,27.34765,86.5594,"86.5594,27.34765","Landslide at Solarghar , Chisankhugadhi Rural Municipality-7",True,True,nepal_police,1,6
81242,2025-07-20,26.92374,87.72963,"87.72963,26.92374",Landslide at Fakphokthum Rural Municipality-5,True,True,other,1,23
81261,2025-07-20,27.77392,85.84065,"85.84065,27.77392","Landslide at Chimling Beshi , Balefi Rural Municipality-7",True,True,other,1,23
81478,2025-08-02,27.50254,86.35505,"86.35505,27.50254","Landslide at Buku , Khijidemba Rural Municipality-7",True,True,other,1,6
81552,2025-08-05,28.67995,82.58551,"82.58551,28.67995",Landslide at Banfikot Rural Municipality-1,True,True,other,1,10
81616,2025-08-08,29.05697,81.46574,"81.46574,29.05697",Landslide at Aathabis Municipality-4,True,True,other,1,8
81632,2025-08-08,27.36504,85.71838,"85.71838,27.36504",Landslide at Ghanglekh Rural Municipality-5,True,True,other,1,8
81789,2025-08-14,28.21498,82.80819,"82.80819,28.21498",Landslide at Lungri Rural Municipality-3,True,True,other,1,8
81986,2025-08-19,28.94779,82.4441,"82.4441,28.94779","Landslide at Tallo Hitan Gaau , Nalgaad Municipality-11",True,True,other,1,7
82013,2025-08-22,27.79639,85.31955,"85.31955,27.79639",Landslide at Tarakeshwor Municipality-1,True,True,other,1,7
82037,2025-08-22,28.89726,81.74148,"81.74148,28.89726",Landslide at Narayan Municipality-4,True,True,other,1,7
82234,2025-08-29,27.84901,85.73444,"85.73444,27.84901",Landslide at Jugal Rural Municipality-1,True,True,other,1,11
82242,2025-08-29,29.61051,80.80611,"80.80611,29.61051",Landslide at Bungal Municipality-9,True,True,other,1,11
82257,2025-08-30,28.85619,81.91988,"81.91988,28.85619",Landslide at Junichande Rural Municipality-9,True,True,other,1,8
82278,2025-08-31,29.66983,80.50672,"80.50672,29.66983",Landslide at Lekam Rural Municipality-6,True,True,other,1,23
82282,2025-08-31,27.56322,86.15598,"86.15598,27.56322",Landslide at Tamakoshi Rural Municipality-7,True,True,other,1,23
82324,2025-09-01,28.58306,82.41053,"82.41053,28.58306",Landslide at Tribeni Rural Municipality-7,True,True,other,1,7
82332,2025-09-01,28.12643,83.33888,"83.33888,28.12643",Landslide at Musikot Municipality-5,True,True,other,1,7
82337,2025-08-31,28.66138,82.3226,"82.3226,28.66138","Landslide at Sahare, Sani Bheri Rural Municipality-7",True,True,other,1,23
82565,2025-09-14,28.2486,83.55691,"83.55691,28.2486","Landslide at Sigana , Baglung Municipality-8",True,True,other,1,8
82568,2025-09-15,28.10082,83.9431,"83.9431,28.10082","Landslide at Thuladihi , Putalibazar Municipality-7",True,True,other,1,8
82586,2025-09-15,27.78093,83.30905,"83.30905,27.78093",Landslide at Rainadevi Chhahara Rural Municipality-7,True,True,other,1,8
82591,2025-09-15,27.22937,87.14007,"87.14007,27.22937","Landslide at Soryang , Arun Rural Municipality-2",True,True,other,1,8
82624,2025-09-17,28.66873,82.42632,"82.42632,28.66873",Landslide at Banfikot Rural Municipality-10,True,True,other,1,5
82996,2025-10-04,27.72335,85.88219,"85.88219,27.72335","Landslide at Lamidanda, Lisangkhu Pakhar Rural Municipality-6",True,True,other,1,23
83020,2025-10-04,26.92025,87.79841,"87.79841,26.92025",Landslide at Deumai Municipality-5,True,True,other,1,23
83024,2025-10-04,26.94898,87.92656,"87.92656,26.94898",Landslide at Illam Municipality-5,True,True,other,1,23
83046,2025-10-05,27.2942,85.40153,"85.40153,27.2942",Landslide at Bagmati Rural Municipality-4,True,True,other,1,23
83054,2025-10-04,27.04333,87.90249,"87.90249,27.04333",Landslide at Sandakpur Rural Municipality-1,True,True,other,1,23
83060,2025-10-05,27.64255,85.45976,"85.45976,27.64255",Landslide at Suryabinayak Municipality-9,True,True,other,1,23
83064,2025-10-05,27.30089,87.36168,"87.36168,27.30089",Landslide at Chainpur Municipality-3,True,True,other,1,23
83083,2025-10-05,27.11432,87.32919,"87.32919,27.11432",Landslide at Mahalaxmi Municipality-7,True,True,other,1,23
83084,2025-10-05,27.12585,87.02511,"87.02511,27.12585",Landslide at Ramprasad Rai Rural Municipality-3,True,True,other,1,23
83086,2025-10-04,27.60388,85.57867,"85.57867,27.60388",Landslide at Dhulikhel Municipality-9,True,True,other,1,23
83092,2025-10-05,26.8924,87.23114,"87.23114,26.8924",Landslide at Sangurigadhi Rural Municipality-9,True,True,other,1,23
83109,2025-10-05,27.21031,86.46296,"86.46296,27.21031",Landslide at Manebhanjyang Rural Municipality-5,True,True,other,1,23
83111,2025-10-04,26.87821,87.96788,"87.96788,26.87821",Landslide at Illam Municipality-10,True,True,other,1,23
83127,2025-10-04,26.7505,86.60268,"86.60268,26.7505","Landslide at damaiti, Triyuga Municipality-5",True,True,other,1,23
83129,2025-10-05,26.41782,87.25839,"87.25839,26.41782",Landslide at Biratnagar Metropolitan City-16,True,True,other,1,23
83136,2025-10-04,26.92698,87.62991,"87.62991,26.92698","Landslide at Solumba, Miklajung Rural Municipality-3",True,True,other,1,23
83137,2025-10-04,27.07624,87.72432,"87.72432,27.07624","Landslide at Alubari, Falgunanda Rural Municipality-1",True,True,other,1,23
83145,2025-10-05,26.98,87.62951,"87.62951,26.98",Landslide at Tumbewa Rural Municipality-4,True,True,other,1,23
83648,2025-10-05,27.11406,87.12781,"87.12781,27.11406","Landslide at Manedanda, Pauwadungma Rural Municipality-4",True,True,other,1,23
83650,2025-10-05,27.03052,88.00881,"88.00881,27.03052",Landslide at Sandakpur Rural Municipality-5,True,True,other,1,23
83652,2025-10-04,26.72272,87.90454,"87.90454,26.72272",Landslide at Mai Municipality-2,True,True,other,1,23
85180,2025-10-31,27.33855,86.75401,"86.75401,27.33855",Landslide at Ainselukhark Rural Municipality-7,True,True,other,1,7
85184,2025-10-31,27.09928,87.67184,"87.67184,27.09928",Landslide at Kummayak Rural Municipality-4,True,True,other,1,7
85187,2025-10-31,28.79861,83.75392,"83.75392,28.79861",Landslide at Gharapjhong Rural Municipality-4,True,True,other,1,7
85192,2025-10-31,29.14881,82.84971,"82.84971,29.14881",Landslide at Shey Phoksundo Rural Municipality-99,True,True,other,1,7
90646,2026-06-19,27.29372,87.85846,"87.85846,27.29372","Landslide at Kartike , Sidingba Rural Municipality-4",True,True,other,1,9
90650,2026-06-19,27.90448,84.49256,"84.49256,27.90448",Landslide at Aanbookhaireni Rural Municipality-2,True,True,nepal_police,1,9
90684,2026-06-20,26.8367,87.96494,"87.96494,26.8367",Landslide at Suryodaya Municipality-14,True,True,nepal_police,1,10
90979,2026-06-29,28.17239,83.66724,"83.66724,28.17239","Landslide at Bhawanpokhara , Phalewas Municipality-5",True,True,other,1,22
91005,2026-07-01,27.94051,83.8136,"83.8136,27.94051","Landslide at Lambhidanda , Waling Municipality-7",True,True,other,1,8
91031,2026-06-29,27.27066,87.34602,"87.34602,27.27066",Landslide at Madi Municipality-6,True,True,other,1,22
91036,2026-06-30,27.96681,83.40928,"83.40928,27.96681",Landslide at Rurukshetra Rural Municipality-3,True,True,other,1,18
91046,2026-06-30,27.11103,87.40994,"87.40994,27.11103",Landslide at Laligurans Municipality-4,True,True,other,1,18
91307,2026-07-07,29.26129,80.85863,"80.85863,29.26129","Landslide at Surkhal , Shikhar Municipality-6",True,True,other,1,8
91310,2026-07-07,28.26587,84.09597,"84.09597,28.26587","Landslide at Taprang , Madi Rural Municipality-3",True,True,other,1,8
91326,2026-07-07,28.68588,81.82786,"81.82786,28.68588","Landslide at Siyal , Chingad Rural Municipality-4",True,True,other,1,8
91339,2026-07-08,29.15374,81.25385,"81.25385,29.15374","Landslide at Khatigaau , Mangalsen Municipality-4",True,True,other,1,13
91373,2026-07-09,28.00872,83.58888,"83.58888,28.00872","Landslide at Paudi , Kaligandaki Rural Municipality-2",True,True,other,1,10
91401,2026-07-10,29.53287,81.91832,"81.91832,29.53287",Landslide at Khatyad Rural Municipality-3,True,True,other,1,12
91409,2026-07-10,27.93269,85.36202,"85.36202,27.93269","Landslide at Jyamire , Tadi Rural Municipality-4",True,True,other,1,12
91505,2026-07-13,28.44292,81.78915,"81.78915,28.44292",Landslide at Bheriganga Municipality-9,True,True,other,1,38
91537,2026-07-12,29.53943,81.85244,"81.85244,29.53943",Landslide at Khatyad Rural Municipality-11,True,True,other,1,25
91583,2026-07-14,28.46953,81.71033,"81.71033,28.46953","Landslide at Padule , Bheriganga Municipality-12",True,True,other,1,28
91595,2026-07-14,28.10658,83.84272,"83.84272,28.10658","Landslide at Sumrekhola , Putalibazar Municipality-14",True,True,other,1,28
91630,2026-07-14,28.0439,83.84002,"83.84002,28.0439",Landslide at Putalibazar Municipality-12,True,True,other,1,28
91663,2026-07-13,26.88902,86.6741,"86.6741,26.88902",Landslide at Triyuga Municipality-16,True,True,other,1,38
91676,2026-07-14,28.83865,82.35576,"82.35576,28.83865",Landslide at Nalgaad Municipality-8,True,True,other,1,28
91686,2026-07-14,28.18357,83.77423,"83.77423,28.18357",Landslide at Aandhikhola Rural Municipality-3,True,True,other,1,28
91821,2026-07-18,28.31285,82.39244,"82.39244,28.31285","Landslide at Sukidaha , Tribeni Rural Municipality-3",True,True,other,1,21
91855,2026-07-18,27.76689,85.31514,"85.31514,27.76689",Landslide at Tarakeshwor Municipality-7,True,True,other,1,21
91874,2026-07-19,27.44535,87.73837,"87.73837,27.44535",Landslide at Phaktanglung Rural Municipality-3,True,True,other,1,33
91906,2026-07-19,27.24654,86.82973,"86.82973,27.24654",Landslide at Diktel Rupakot Majhuwagadhi Municipality-6,True,True,other,1,33
91927,2026-07-19,27.37008,86.42668,"86.42668,27.37008",Landslide at Molung Rural Municipality-5,True,True,other,1,33
92212,2026-07-27,28.33263,83.51321,"83.51321,28.33263","Landslide at Bhakimli Chimkhet , Beni Municipality-3",True,True,other,1,19
92314,2026-07-27,27.06268,86.0849,"86.0849,27.06268","Landslide at Bhorleni , Dudhouli Municipality-2",True,True,other,1,19
92391,2026-07-30,28.13875,82.38687,"82.38687,28.13875","Landslide at Sirchaur , Tulsipur Submetropolitan City-19",True,True,other,1,8
92499,2026-08-02,28.11587,84.18758,"84.18758,28.11587","Landslide at Dhami Gaau , Rupa Rural Municipality-4",True,True,other,1,9
92535,2026-08-03,28.20816,84.5999,"84.5999,28.20816","Landslide at Tallo Thok , Dudhpokhari Rural Municipality-2",True,True,other,1,28
92606,2026-08-04,28.32479,83.41014,"83.41014,28.32479",Landslide at Tara Khola Rural Municipality-4,True,True,other,1,31
92651,2026-08-04,27.62188,85.3524,"85.3524,27.62188",Landslide at Godawari Municipality-14,True,True,other,1,31
92675,2026-08-06,29.30369,82.14867,"82.14867,29.30369","Landslide at Mahat Gaau , Chandannath Municipality-8",True,True,other,1,38
92731,2026-08-06,28.1114,83.67644,"83.67644,28.1114","Landslide at Kusundanda , Mahashila Rural Municipality-5",True,True,other,1,38
92813,2026-08-06,30.10122,80.961,"80.961,30.10122",Landslide at Byas Rural Municipality-1,True,True,other,1,38
92878,2026-08-09,28.75019,81.50725,"81.50725,28.75019","Landslide at Amrise , Barahtal Rural Municipality-7",True,True,other,1,10
92880,2026-08-09,27.60915,87.44795,"87.44795,27.60915","Landslide at Neta Bhir , Makalu Rural Municipality-4",True,True,other,1,10
93061,2026-08-14,28.39284,82.90162,"82.90162,28.39284","Landslide at Phalabang , Sunchhahari Rural Municipality-2",True,True,other,1,27
93109,2026-08-14,28.25975,84.26198,"84.26198,28.25975","Landslide at Ghamrang , Kwholasothar Rural Municipality-8",True,True,other,1,27
93115,2026-08-13,28.90221,82.42412,"82.42412,28.90221","Landslide at Tasughat Khola , Nalgaad Municipality-10",True,True,other,1,14
93254,2026-08-17,28.25098,82.31454,"82.31454,28.25098","Landslide at Aringale , Kapurkot Rural Municipality-4",True,True,other,1,17
93258,2026-08-16,28.99121,81.50179,"81.50179,28.99121","Landslide at Aagra , Thantikandh Rural Municipality-5",True,True,other,1,34
93339,2026-08-18,28.97719,82.50902,"82.50902,28.97719","Landslide at Phumdam , Nalgaad Municipality-13",True,True,other,1,9
93377,2026-08-19,29.06118,84.09306,"84.09306,29.06118","Landslide at Surkhang , Lo Ghekar Damodarkunda Rural Municipality-4",True,True,other,1,7
93519,2026-08-22,28.05346,84.98945,"84.98945,28.05346",Landslide at Khaniyabash Rural Municipality-4,True,True,other,1,23
93559,2026-08-22,27.54202,87.87892,"87.87892,27.54202","Landslide at Shiva Danda , Phaktanglung Rural Municipality-5",True,True,other,1,23
93901,2026-08-31,29.05304,82.69919,"82.69919,29.05304",Landslide at Tripurasundari Municipality-11,True,True,other,1,13
93904,2026-09-01,29.55474,80.39355,"80.39355,29.55474","Landslide at Jhulaghat , Dasharathchanda Municipality-8",True,True,other,1,25
93978,2026-09-01,29.12157,82.60881,"82.60881,29.12157",Landslide at Jagadulla Rural Municipality-3,True,True,other,1,25
94121,2026-09-06,27.62776,85.33419,"85.33419,27.62776",Landslide at Lalitpur Metropolitan City-24,True,True,other,1,15
94128,2026-09-05,28.22611,83.64089,"83.64089,28.22611",Landslide at Baglung Municipality-13,True,True,other,1,19
94147,2026-09-07,29.40401,80.36517,"80.36517,29.40401",Landslide at Shivanath Rural Municipality-5,True,True,other,1,14
94352,2026-09-12,27.48224,86.57618,"86.57618,27.48224",Landslide at Solududhkunda Municipality-6,True,True,other,1,7
94381,2026-09-12,26.58323,87.91446,"87.91446,26.58323",Landslide at Barhadashi Rural Municipality-7,True,True,other,1,7
94443,2026-09-12,29.04379,80.44348,"80.44348,29.04379","Landslide at Patalkhola, Parashuram Municipality-11",True,True,other,1,7
94666,2026-09-17,29.35228,80.52221,"80.52221,29.35228",Landslide at Ajaymeru Rural Municipality-3,True,True,other,1,12
94747,2026-09-25,27.48786,84.94874,"84.94874,27.48786",Landslide at Hetauda Submetropolitan City-19,True,True,other,1,102
94748,2026-09-25,27.69447,85.25104,"85.25104,27.69447",Landslide at Chandragiri Municipality-12,True,True,other,1,102
94794,2026-09-25,27.32197,85.01285,"85.01285,27.32197",Landslide at Jitpur Simara Submetropolitan City-22,True,True,other,1,102
94802,2026-09-25,27.14028,87.84922,"87.84922,27.14028",Landslide at Phidim Municipality-12,True,True,other,1,102
94849,2026-09-25,27.67976,85.32873,"85.32873,27.67976",Landslide at Lalitpur Metropolitan City-11,True,True,other,1,102
94854,2026-09-25,27.67902,85.28968,"85.28968,27.67902",Landslide at Kirtipur Municipality-10,True,True,other,1,102
94897,2026-09-26,28.14452,83.68556,"83.68556,28.14452","Landslide at Okhreni , Phalewas Municipality-8",True,True,other,1,68
94957,2026-09-26,28.40214,81.74954,"81.74954,28.40214",Landslide at Bheriganga Municipality-5,True,True,other,1,68
94966,2026-09-26,29.30167,80.65745,"80.65745,29.30167",Landslide at Amargadhi Municipality-11,True,True,other,1,68
95043,2026-09-27,27.05642,85.94431,"85.94431,27.05642",Landslide at Mithila Municipality-11,True,True,other,1,108
95056,2026-09-27,28.11433,84.45251,"84.45251,28.11433",Landslide at Rainas Municipality-8,True,True,other,1,108
95071,2026-09-27,28.00406,83.11864,"83.11864,28.00406","Landslide at Dharampani, Sandhikharka Municipality-10",True,True,other,1,108
95086,2026-09-27,27.69139,83.952,"83.952,27.69139",Landslide at Madhyabindu Municipality-11,True,True,other,1,108
95087,2026-09-27,27.43702,85.00267,"85.00267,27.43702",Landslide at Hetauda Submetropolitan City-11,True,True,other,1,108
95105,2026-09-27,28.01037,84.27161,"84.27161,28.01037",Landslide at Vyas Municipality-10,True,True,other,1,108
95165,2026-09-27,28.11439,83.63891,"83.63891,28.11439",Landslide at Phalewas Municipality-11,True,True,other,1,108
95185,2026-09-27,27.91916,84.43437,"84.43437,27.91916",Landslide at Aanbookhaireni Rural Municipality-1,True,True,other,1,108
95217,2026-09-27,28.38159,83.64214,"83.64214,28.38159",Landslide at Annapurna Rural Municipality-8,True,True,other,1,108
95235,2026-09-27,28.49627,84.76122,"84.76122,28.49627",Landslide at Chum Nubri Rural Municipality-4,True,True,other,1,108
95324,2026-09-27,28.62729,81.74011,"81.74011,28.62729","Landslide at Tymke , Birendranagar Municipality-16",True,True,other,1,108
95366,2026-09-28,27.93393,84.41459,"84.41459,27.93393",Landslide at Bandipur Rural Municipality-4,True,True,other,1,25
95389,2026-09-27,26.88482,85.81298,"85.81298,26.88482","Landslide at Kalapani , Aurahi Municipality-2",True,True,other,1,108
