id,state,location,advisory_ne,english_gloss,rater1,rater2,rater3,notes
adv-01-primed-unobserved,primed-unobserved,"Ward 11, Thakre, DHADING","पहिरो जोखिम सूचना — वर्षाका कारण ढलान संवेदनशील बनेको छ, तर पछिल्लो अवलोकन उपलब्ध छैन। स्याटेलाइटले यो ढलान हेर्न सकेको छैन, त्यसैले परिवर्तनको पुष्टि गर्न सकिँदैन।

स्थान: Ward 11, Thakre, DHADING
मिति: 2024-07-20

वर्षाको अवस्था: 48h 180mm / 142mm थ्रेसहोल्ड — नाघ्यो
किन महत्त्वपूर्ण: यो अवस्थामा ढलान अस्थिर हुन सक्छ, तर हामीसँग पछिल्लो उपग्रह प्रमाण छैन — त्यसैले यो सूचना जोखिमको संकेत हो, पुष्टि होइन।
पहिले जाँच्नुहोस्: ढलानको माथिल्लो भाग; सडकको उक्त खण्ड

(जिम्मेवार निकाय: गाउँपालिका, वडा नं. ११ | आधार: LGOA 2074 s.12(2)(c)(23))",,,,,
adv-02-refusal-optical,abstain,"Ward 7, Panauti, KAVRE",नयाँ अवलोकन छैन — यो ढलानको पछिल्लो उपलब्ध अवलोकन स्याटेलाइट (अप्टिकल)को 60 दिन अघि थियो। प्रमाण पर्याप्त नभएकोले सूचना जारी गरिएको छैन।,,,,,
adv-03-refusal-none,abstain,"Ward 3, Banepa, KAVRE",नयाँ अवलोकन छैन — यो ढलानको पछिल्लो उपलब्ध अवलोकन कुनै अभिलेख अघि थियो। प्रमाण पर्याप्त नभएकोले सूचना जारी गरिएको छैन।,,,,,
adv-04-monitored,monitored,"Ward 5, Mandandeupur, KAVRE","पहिरो परिवर्तन सूचना

स्थान: Ward 5, Mandandeupur, KAVRE
मिति: 2024-07-20

के परिवर्तन भयो: ढलानको तल्लो भागमा सतह परिवर्तन संकेत
प्रमाणको अवस्था: पछिल्लो अवलोकन: स्याटेलाइट (अप्टिकल) 4 दिन अघि। प्रमाण पर्याप्त, विश्वास उच्च।
किन महत्त्वपूर्ण: यो ढलानसँग जोडिएको बस्ती जोखिममा पर्न सक्छ।
पहिले जाँच्नुहोस्: ढलानको तल्लो भाग; जल-निकास
सिफारिस: मर्मत गर्नुअघि ढलानको अवस्था जाँच्नुहोस्।",,,,,
adv-05-radar-only,degraded,"Ward 2, Panchkhal, KAVRE","पहिरो परिवर्तन सूचना

स्थान: Ward 2, Panchkhal, KAVRE
मिति: 2024-07-20

के परिवर्तन भयो: रडारमा सतह परिवर्तन संकेत
प्रमाणको अवस्था: पछिल्लो अवलोकन: रडार 3 दिन अघि, स्याटेलाइट (अप्टिकल) 55 दिन अघि। प्रमाण सीमित, विश्वास न्यून। रडारको उपयोगिता अझै नापिएको छैन।
किन महत्त्वपूर्ण: रडारले मात्र देखेको परिवर्तन हो — पुष्टि आवश्यक।
पहिले जाँच्नुहोस्: ढलानको माथिल्लो भाग
सिफारिस: जाँच नगरी मर्मत नगर्नुहोस्।
जिम्मेवार निकाय: यकिन गर्न बाँकी — जिम्मेवार निकायको आधार प्रमाणित भएपछि मात्र पठाइनेछ।",,,,,
