sensor,scene_id,acquired,cloud_cover,usable_fraction,index,index_mean,index_std,pixels
sentinel-2-l2a,S2B_45RTL_20241016_0_L2A,2024-10-16,16.071016,0.692,ndvi,0.6309,0.1336,127193
sentinel-2-l2a,S2A_45RTL_20241021_0_L2A,2024-10-21,2.583545,1.0,ndvi,0.7145,0.1379,183808
sentinel-2-l2a,S2A_45RUL_20241021_0_L2A,2024-10-21,6.691763,0.9989,ndvi,0.6829,0.1237,233209
sentinel-2-l2a,S2A_45RTL_20241031_0_L2A,2024-10-31,19.249488,0.8204,ndvi,0.6467,0.1483,150798
sentinel-2-l2a,S2B_45RTL_20241105_0_L2A,2024-11-05,7.29331,1.0,ndvi,0.7274,0.1721,183808
sentinel-2-l2a,S2B_45RUL_20241105_0_L2A,2024-11-05,7.379504,1.0,ndvi,0.7115,0.1622,233472
sentinel-2-l2a,S2A_45RTL_20241110_0_L2A,2024-11-10,14.38996,0.7697,ndvi,0.6293,0.1636,141470
sentinel-2-l2a,S2A_45RUL_20241110_0_L2A,2024-11-10,16.242075,0.8613,ndvi,0.5843,0.1378,201085
sentinel-2-l2a,S2B_45RUL_20241115_0_L2A,2024-11-15,7.70082,0.9989,ndvi,0.5641,0.1188,233212
sentinel-2-l2a,S2A_45RTL_20241120_0_L2A,2024-11-20,3.958779,0.9952,ndvi,0.6329,0.1549,182933
sentinel-2-l2a,S2A_45RUL_20241120_0_L2A,2024-11-20,8.793957,0.9663,ndvi,0.6013,0.1409,225611
sentinel-2-l2a,S2B_45RTL_20241125_0_L2A,2024-11-25,6.244219,1.0,ndvi,0.671,0.181,183808
sentinel-2-l2a,S2B_45RUL_20241125_0_L2A,2024-11-25,3.689587,0.9979,ndvi,0.6141,0.152,232984
sentinel-2-l2a,S2A_45RTL_20241130_0_L2A,2024-11-30,4.798511,0.9764,ndvi,0.5609,0.1868,179461
sentinel-2-l2a,S2A_45RUL_20241130_0_L2A,2024-11-30,1.175047,0.9473,ndvi,0.5238,0.169,221164
sentinel-2-l2a,S2C_45RTL_20241210_1_L2A,2024-12-10,16.869761,0.5352,ndvi,0.3781,0.1709,98371
sentinel-2-l2a,S2C_45RUL_20241210_1_L2A,2024-12-10,4.153628,0.6998,ndvi,0.4037,0.1578,163380
sentinel-2-l2a,S2A_45RTL_20241210_0_L2A,2024-12-10,16.771112,0.5623,ndvi,0.3631,0.1768,103347
sentinel-2-l2a,S2A_45RUL_20241210_0_L2A,2024-12-10,4.002712,0.7051,ndvi,0.3956,0.1604,164621
sentinel-2-l2a,S2B_45RTL_20241215_0_L2A,2024-12-15,7.0465,0.9945,ndvi,0.5713,0.1721,182790
sentinel-2-l2a,S2B_45RUL_20241215_0_L2A,2024-12-15,0.010786,0.9963,ndvi,0.5451,0.1502,232613
sentinel-2-l2a,S2A_45RTL_20241220_0_L2A,2024-12-20,7.27625,0.8168,ndvi,0.4643,0.2042,150130
sentinel-2-l2a,S2A_45RUL_20241220_0_L2A,2024-12-20,0.760346,0.8226,ndvi,0.4728,0.1867,192049
