scene_id,acquired,tile_cloud_cover,aoi_clear_fraction,aoi_pixels
S2A_45RTL_20240105_0_L2A,2024-01-05,2.713196,0.7978,45824
S2A_45RUL_20240105_0_L2A,2024-01-05,1.320647,0.8734,58368
S2B_45RTL_20240110_0_L2A,2024-01-10,55.714303,0.806,45824
S2B_45RUL_20240110_0_L2A,2024-01-10,20.555484,0.8747,58368
S2A_45RTL_20240115_0_L2A,2024-01-15,41.560456,0.7801,45824
S2A_45RUL_20240115_0_L2A,2024-01-15,17.595257,0.8644,58368
S2B_45RTL_20240120_0_L2A,2024-01-20,52.743709,0.8126,45824
S2B_45RUL_20240120_0_L2A,2024-01-20,21.643238,0.8887,58368
S2A_45RTL_20240125_0_L2A,2024-01-25,48.338816,0.8293,45824
S2A_45RUL_20240125_0_L2A,2024-01-25,23.244527,0.9018,58368
S2B_45RTL_20240130_0_L2A,2024-01-30,3.600801,0.7773,45824
S2B_45RUL_20240130_0_L2A,2024-01-30,34.968093,0.8246,58368
S2A_45RTL_20240204_0_L2A,2024-02-04,99.466521,0.0,45824
S2A_45RUL_20240204_0_L2A,2024-02-04,77.60728,0.0,58368
S2B_45RTL_20240209_0_L2A,2024-02-09,6.400198,0.8851,45824
S2B_45RUL_20240209_0_L2A,2024-02-09,7.540998,0.9449,58368
S2A_45RTL_20240214_0_L2A,2024-02-14,99.965537,0.0,45824
S2A_45RUL_20240214_0_L2A,2024-02-14,99.708843,0.0,58368
S2B_45RTL_20240219_0_L2A,2024-02-19,3.96931,0.3135,45824
S2B_45RUL_20240219_0_L2A,2024-02-19,12.489212,0.4578,58368
S2A_45RTL_20240224_0_L2A,2024-02-24,70.606363,0.7491,45824
S2A_45RUL_20240224_0_L2A,2024-02-24,48.880488,0.7971,58368
S2B_45RTL_20240229_1_L2A,2024-02-29,0.017389,0.7962,45824
S2B_45RUL_20240229_1_L2A,2024-02-29,1.025422,0.8122,58368
S2B_45RTL_20240229_0_L2A,2024-02-29,0.011585,0.6109,45824
S2B_45RUL_20240229_0_L2A,2024-02-29,1.2836,0.6626,58368
S2A_45RTL_20240305_1_L2A,2024-03-05,0.04708,0.9525,45824
S2A_45RUL_20240305_0_L2A,2024-03-05,0.232299,0.9611,58368
S2B_45RTL_20240310_0_L2A,2024-03-10,8.467238,0.8319,45824
S2B_45RUL_20240310_0_L2A,2024-03-10,1.13033,0.8413,58368
S2A_45RTL_20240315_0_L2A,2024-03-15,0.003089,0.8727,45824
S2A_45RUL_20240315_0_L2A,2024-03-15,0.822346,0.8906,58368
S2B_45RTL_20240320_0_L2A,2024-03-20,99.999923,0.0,45824
S2B_45RUL_20240320_0_L2A,2024-03-20,99.991792,0.0,58368
S2A_45RTL_20240325_0_L2A,2024-03-25,24.954118,0.8636,45824
S2A_45RUL_20240325_0_L2A,2024-03-25,20.922762,0.894,58368
S2B_45RTL_20240330_0_L2A,2024-03-30,8.656441,0.7601,45824
S2B_45RUL_20240330_0_L2A,2024-03-30,27.78717,0.8035,58368
S2A_45RTL_20240404_0_L2A,2024-04-04,41.208947,0.3623,45824
S2A_45RUL_20240404_0_L2A,2024-04-04,30.530396,0.2631,58368
S2B_45RTL_20240409_0_L2A,2024-04-09,0.062856,0.9969,45824
S2B_45RUL_20240409_0_L2A,2024-04-09,0.202,0.9987,58368
S2A_45RTL_20240414_0_L2A,2024-04-14,4.625088,0.9737,45824
S2A_45RUL_20240414_0_L2A,2024-04-14,9.297932,0.9805,58368
S2B_45RTL_20240419_0_L2A,2024-04-19,0.136055,0.994,45824
S2B_45RUL_20240419_0_L2A,2024-04-19,5.204442,0.9958,58368
S2A_45RTL_20240424_0_L2A,2024-04-24,0.007525,0.9942,45824
S2A_45RUL_20240424_0_L2A,2024-04-24,2.723282,0.9952,58368
S2B_45RTL_20240429_0_L2A,2024-04-29,0.230742,0.9965,45824
S2B_45RUL_20240429_0_L2A,2024-04-29,0.17791,0.9974,58368
S2A_45RTL_20240504_0_L2A,2024-05-04,44.615355,0.579,45824
S2A_45RUL_20240504_0_L2A,2024-05-04,42.850229,0.5964,58368
S2B_45RTL_20240509_0_L2A,2024-05-09,57.919896,0.8202,45824
S2B_45RUL_20240509_0_L2A,2024-05-09,81.802064,0.7012,58368
S2A_45RTL_20240514_0_L2A,2024-05-14,30.448362,0.8941,45824
S2A_45RUL_20240514_0_L2A,2024-05-14,33.781418,0.9269,58368
S2B_45RTL_20240519_0_L2A,2024-05-19,5.581607,0.7093,45824
S2B_45RUL_20240519_0_L2A,2024-05-19,38.797012,0.6536,58368
S2A_45RTL_20240524_0_L2A,2024-05-24,8.357839,0.9662,45824
S2A_45RUL_20240524_0_L2A,2024-05-24,18.711196,0.9565,58368
S2B_45RTL_20240529_0_L2A,2024-05-29,17.93585,0.9336,45824
S2B_45RUL_20240529_0_L2A,2024-05-29,10.770283,0.9775,58368
S2A_45RTL_20240603_0_L2A,2024-06-03,16.193217,0.7891,45824
S2A_45RUL_20240603_0_L2A,2024-06-03,35.357687,0.8483,58368
S2B_45RTL_20240608_0_L2A,2024-06-08,32.726413,0.8744,45824
S2B_45RUL_20240608_0_L2A,2024-06-08,47.656709,0.9103,58368
S2A_45RTL_20240613_0_L2A,2024-06-13,68.878055,0.1027,45824
S2A_45RUL_20240613_0_L2A,2024-06-13,80.473381,0.1735,58368
S2B_45RTL_20240618_0_L2A,2024-06-18,99.663901,0.0,45824
S2B_45RUL_20240618_0_L2A,2024-06-18,99.999321,0.0,58368
S2A_45RTL_20240623_0_L2A,2024-06-23,47.371414,0.7183,45824
S2A_45RUL_20240623_0_L2A,2024-06-23,39.602599,0.7041,58368
S2B_45RTL_20240628_0_L2A,2024-06-28,84.448653,0.0221,45824
S2B_45RUL_20240628_0_L2A,2024-06-28,91.522628,0.0109,58368
S2A_45RTL_20240703_0_L2A,2024-07-03,99.999374,0.0,45824
S2A_45RUL_20240703_0_L2A,2024-07-03,99.995393,0.0,58368
S2B_45RTL_20240708_0_L2A,2024-07-08,68.633139,0.0016,45824
S2B_45RUL_20240708_0_L2A,2024-07-08,83.042878,0.0003,58368
S2A_45RTL_20240713_0_L2A,2024-07-13,80.467707,0.0596,45824
S2A_45RUL_20240713_0_L2A,2024-07-13,55.409664,0.2167,58368
S2B_45RTL_20240718_0_L2A,2024-07-18,76.373869,0.1195,45824
S2B_45RUL_20240718_0_L2A,2024-07-18,88.055658,0.0802,58368
S2A_45RTL_20240723_0_L2A,2024-07-23,96.370715,0.0001,45824
S2A_45RUL_20240723_0_L2A,2024-07-23,94.59669,0.0023,58368
S2B_45RTL_20240728_0_L2A,2024-07-28,91.803122,0.0,45824
S2B_45RUL_20240728_0_L2A,2024-07-28,86.200333,0.0,58368
S2A_45RTL_20240802_0_L2A,2024-08-02,81.160951,0.0,45824
S2A_45RUL_20240802_0_L2A,2024-08-02,71.494597,0.0,58368
S2B_45RTL_20240807_0_L2A,2024-08-07,95.693898,0.0186,45824
S2B_45RUL_20240807_0_L2A,2024-08-07,92.763871,0.077,58368
S2A_45RTL_20240812_0_L2A,2024-08-12,69.861495,0.0,45824
S2A_45RUL_20240812_0_L2A,2024-08-12,81.148624,0.0,58368
S2B_45RTL_20240817_0_L2A,2024-08-17,39.107144,0.8131,45824
S2B_45RUL_20240817_0_L2A,2024-08-17,37.835503,0.8643,58368
S2A_45RTL_20240822_0_L2A,2024-08-22,77.762753,0.0002,45824
S2A_45RUL_20240822_0_L2A,2024-08-22,86.938155,0.0001,58368
S2B_45RTL_20240827_0_L2A,2024-08-27,94.348544,0.3242,45824
S2B_45RUL_20240827_0_L2A,2024-08-27,88.936937,0.3738,58368
S2A_45RTL_20240901_0_L2A,2024-09-01,99.994344,0.0,45824
S2A_45RUL_20240901_0_L2A,2024-09-01,99.939841,0.0,58368
S2B_45RTL_20240906_0_L2A,2024-09-06,73.050493,0.0328,45824
S2B_45RUL_20240906_0_L2A,2024-09-06,67.050004,0.0445,58368
S2A_45RTL_20240911_0_L2A,2024-09-11,36.462769,0.859,45824
S2A_45RUL_20240911_0_L2A,2024-09-11,40.323702,0.8714,58368
S2B_45RTL_20240916_0_L2A,2024-09-16,89.796984,0.6111,45824
S2B_45RUL_20240916_0_L2A,2024-09-16,91.016775,0.6105,58368
S2A_45RTL_20240921_0_L2A,2024-09-21,98.741639,0.0,45824
S2A_45RUL_20240921_0_L2A,2024-09-21,99.602044,0.0,58368
S2B_45RTL_20240926_0_L2A,2024-09-26,99.939746,0.0,45824
S2B_45RUL_20240926_0_L2A,2024-09-26,99.963033,0.0,58368
S2A_45RTL_20241001_0_L2A,2024-10-01,47.87077,0.7666,45824
S2A_45RUL_20241001_0_L2A,2024-10-01,46.03312,0.8062,58368
S2B_45RTL_20241006_0_L2A,2024-10-06,56.74836,0.5989,45824
S2B_45RUL_20241006_0_L2A,2024-10-06,51.294625,0.5807,58368
S2A_45RTL_20241011_0_L2A,2024-10-11,24.91291,0.9653,45824
S2A_45RUL_20241011_0_L2A,2024-10-11,22.190292,0.9632,58368
S2B_45RTL_20241016_0_L2A,2024-10-16,16.071016,0.6895,45824
S2B_45RUL_20241016_0_L2A,2024-10-16,37.176061,0.7542,58368
S2A_45RTL_20241021_0_L2A,2024-10-21,2.583545,0.9914,45824
S2A_45RUL_20241021_0_L2A,2024-10-21,6.691763,0.99,58368
S2B_45RTL_20241026_1_L2A,2024-10-26,32.482618,0.8971,45824
S2B_45RUL_20241026_0_L2A,2024-10-26,37.88431,0.8583,58368
S2A_45RTL_20241031_0_L2A,2024-10-31,19.249488,0.7943,45824
S2A_45RUL_20241031_0_L2A,2024-10-31,26.07927,0.8585,58368
S2B_45RTL_20241105_0_L2A,2024-11-05,7.29331,0.9804,45824
S2B_45RUL_20241105_0_L2A,2024-11-05,7.379504,0.9902,58368
S2A_45RTL_20241110_0_L2A,2024-11-10,14.38996,0.7363,45824
S2A_45RUL_20241110_0_L2A,2024-11-10,16.242075,0.8409,58368
S2A_45RTL_20241110_1_L2A,2024-11-10,76.858169,0.3181,45824
S2A_45RUL_20241110_1_L2A,2024-11-10,46.160591,0.3677,58368
S2B_45RTL_20241115_0_L2A,2024-11-15,49.226505,0.9115,45824
S2B_45RUL_20241115_0_L2A,2024-11-15,7.70082,0.9604,58368
S2A_45RTL_20241120_0_L2A,2024-11-20,3.958779,0.9047,45824
S2A_45RUL_20241120_0_L2A,2024-11-20,8.793957,0.9241,58368
S2B_45RTL_20241125_0_L2A,2024-11-25,6.244219,0.8925,45824
S2B_45RUL_20241125_0_L2A,2024-11-25,3.689587,0.9409,58368
S2A_45RTL_20241130_0_L2A,2024-11-30,4.798511,0.8503,45824
S2A_45RUL_20241130_0_L2A,2024-11-30,1.175047,0.884,58368
S2C_45RTL_20241210_1_L2A,2024-12-10,16.869761,0.4647,45824
S2C_45RUL_20241210_1_L2A,2024-12-10,4.153628,0.6484,58368
S2A_45RTL_20241210_0_L2A,2024-12-10,16.771112,0.4932,45824
S2A_45RUL_20241210_0_L2A,2024-12-10,4.002712,0.6539,58368
S2B_45RTL_20241215_0_L2A,2024-12-15,7.0465,0.7935,45824
S2B_45RUL_20241215_0_L2A,2024-12-15,0.010786,0.8829,58368
S2A_45RTL_20241220_0_L2A,2024-12-20,7.27625,0.6722,45824
S2A_45RUL_20241220_0_L2A,2024-12-20,0.760346,0.7411,58368
S2B_45RTL_20241225_0_L2A,2024-12-25,70.751578,0.5263,45824
S2B_45RUL_20241225_0_L2A,2024-12-25,50.101846,0.5839,58368
S2A_45RTL_20241230_0_L2A,2024-12-30,66.00529,0.7746,45824
S2A_45RUL_20241230_0_L2A,2024-12-30,22.19452,0.8487,58368
